Time, Object, PosX, PosY, PosZ, ScaleX, ScaleY, ScaleZ, ColX, ColY, ColZ
2.929722,Table,0.1930026,0.3002155,0.7970964,0.8,0.3,0.8,0.4647507,0.6002155,0.7188917
2.940944,Table,0.1930026,0.3002155,0.7970964,0.8,0.3,0.8,0.3056509,0.6002155,0.6348273
2.951804,Table,0.1930026,0.3002155,0.7970964,0.8,0.3,0.8,0.3229684,0.6002155,0.638131
2.962972,Table,0.1930026,0.3002155,0.7970964,0.8,0.3,0.8,0.2847074,0.6002154,0.6132653
2.974285,Table,0.1930026,0.3002155,0.7970964,0.8,0.3,0.8,0.2900221,0.6002155,0.6251293
2.985697,Table,0.1930026,0.3002155,0.7970964,0.8,0.3,0.8,0.2470891,0.6002155,0.6148785
2.996327,Table,0.1930026,0.3002155,0.7970964,0.8,0.3,0.8,0.2146207,0.6002155,0.6109118
3.007624,Table,0.1930026,0.3002155,0.7970964,0.8,0.3,0.8,0.2317146,0.6002155,0.6091249
3.018434,Table,0.1930026,0.3002155,0.7970964,0.8,0.3,0.8,0.2533201,0.6002154,0.6130838
3.029524,Table,0.1930026,0.3002155,0.7970964,0.8,0.3,0.8,0.2928918,0.6002155,0.6242782
3.04114,Table,0.1930026,0.3002155,0.7970964,0.8,0.3,0.8,0.2943828,0.6002155,0.6228389
3.051967,Table,0.1930026,0.3002155,0.7970964,0.8,0.3,0.8,0.2894938,0.6002155,0.6271799
3.062893,Table,0.1930026,0.3002155,0.7970964,0.8,0.3,0.8,0.3004342,0.6002155,0.6449592
3.07442,Table,0.1930026,0.3002155,0.7970964,0.8,0.3,0.8,0.2776448,0.6002155,0.6292868
3.085599,Table,0.1930026,0.3002155,0.7970964,0.8,0.3,0.8,0.2730238,0.6002155,0.6274623
3.096351,Table,0.1930026,0.3002155,0.7970964,0.8,0.3,0.8,0.2982821,0.6002155,0.6408461
3.107382,Table,0.1930026,0.3002155,0.7970964,0.8,0.3,0.8,0.312545,0.6002155,0.6322894
3.1185,Table,0.1930026,0.3002155,0.7970964,0.8,0.3,0.8,0.2763071,0.6002155,0.6008171
3.129668,Table,0.1930026,0.3002155,0.7970964,0.8,0.3,0.8,0.4180253,0.6002155,0.6682226
3.140895,Table,0.1930026,0.3002155,0.7970964,0.8,0.3,0.8,0.46649,0.6002155,0.6981676
3.151758,Table,0.1930026,0.3002155,0.7970964,0.8,0.3,0.8,0.5291031,0.6002155,0.7320501
3.163354,Table,0.1930026,0.3002155,0.7970964,0.8,0.3,0.8,0.5309585,0.6002155,0.7289836
3.174273,Table,0.1930026,0.3002155,0.7970964,0.8,0.3,0.8,0.5295213,0.6002155,0.7307853
3.185516,Table,0.1930026,0.3002155,0.7970964,0.8,0.3,0.8,0.5467614,0.6002155,0.7424553
3.196459,Table,0.1930026,0.3002155,0.7970964,0.8,0.3,0.8,0.5538627,0.6002155,0.7465002
3.207815,Table,0.1930026,0.3002155,0.7970964,0.8,0.3,0.8,0.5437263,0.6002155,0.7474216
3.218782,Table,0.1930026,0.3002155,0.7970964,0.8,0.3,0.8,0.5436864,0.6002155,0.7531159
3.229509,Table,0.1930026,0.3002155,0.7970964,0.8,0.3,0.8,0.536598,0.6002155,0.7456658
3.241195,Table,0.1930026,0.3002155,0.7970964,0.8,0.3,0.8,0.5266151,0.6002155,0.7411805
3.251796,Table,0.1930026,0.3002155,0.7970964,0.8,0.3,0.8,0.5191034,0.6002155,0.7367889
3.263441,Table,0.1930026,0.3002155,0.7970964,0.8,0.3,0.8,0.5183367,0.6002155,0.7350052
3.274724,Table,0.1930026,0.3002155,0.7970964,0.8,0.3,0.8,0.5114013,0.6002155,0.7288466
3.28576,Table,0.1930026,0.3002155,0.7970964,0.8,0.3,0.8,0.5189612,0.6002155,0.7337256
3.297285,Table,0.1930026,0.3002155,0.7970964,0.8,0.3,0.8,0.526405,0.6002155,0.7466248
3.308162,Table,0.1930026,0.3002155,0.7970964,0.8,0.3,0.8,0.5193794,0.6002155,0.7562819
3.320256,Table,0.1930026,0.3002155,0.7970964,0.8,0.3,0.8,0.5355635,0.6002155,0.75553
3.331056,Table,0.1930026,0.3002155,0.7970964,0.8,0.3,0.8,0.530935,0.6002155,0.7485257
3.342461,Table,0.1930026,0.3002155,0.7970964,0.8,0.3,0.8,0.5508286,0.6002155,0.7622943
3.353574,Table,0.1930026,0.3002155,0.7970964,0.8,0.3,0.8,0.5692213,0.6002155,0.7558154
3.365588,Table,0.1930026,0.3002155,0.7970964,0.8,0.3,0.8,0.5175442,0.6002155,0.7804225
3.376431,Table,0.1930026,0.3002155,0.7970964,0.8,0.3,0.8,0.4322552,0.6002155,0.6339961
3.387394,Table,0.1930026,0.3002155,0.7970964,0.8,0.3,0.8,0.1764062,0.6002155,0.5268048
21.60929,Table,0.1930026,0.3002155,0.7970964,0.8,0.3,0.8,-0.136412,0.1212837,0.5733801
21.62069,Table,0.1930026,0.3002155,0.7970964,0.8,0.3,0.8,-0.1381066,0.124799,0.5767058
21.64254,Table,0.1930026,0.3002155,0.7970964,0.8,0.3,0.8,-0.1728304,0.1168116,0.6448552
21.65396,Table,0.1930026,0.3002155,0.7970964,0.8,0.3,0.8,-0.1789847,0.1582021,0.6569337
21.66474,Table,0.1930026,0.3002155,0.7970964,0.8,0.3,0.8,-0.1880758,0.1375293,0.6776282
21.67576,Table,0.1930026,0.3002155,0.7970964,0.8,0.3,0.8,-0.191734,0.08954923,0.7007255
21.68714,Table,0.1930026,0.3002155,0.7970964,0.8,0.3,0.8,-0.1947467,0.09914415,0.7197474
21.69838,Table,0.1930026,0.3002155,0.7970964,0.8,0.3,0.8,-0.1961161,0.09739862,0.7283938
21.70957,Table,0.1930026,0.3002155,0.7970964,0.8,0.3,0.8,-0.1983896,0.0006484091,0.7427475
21.72048,Table,0.1930026,0.3002155,0.7970964,0.8,0.3,0.8,-0.1965095,0.03755802,0.7308772
21.73151,Table,0.1930026,0.3002155,0.7970964,0.8,0.3,0.8,-0.1936854,0.06762253,0.7130467
21.74248,Table,0.1930026,0.3002155,0.7970964,0.8,0.3,0.8,-0.1952879,0.04842156,0.7231644
21.75366,Table,0.1930026,0.3002155,0.7970964,0.8,0.3,0.8,-0.1952739,0.07725438,0.7230758
21.76484,Table,0.1930026,0.3002155,0.7970964,0.8,0.3,0.8,-0.191862,0.07956377,0.7015333
21.77601,Table,0.1930026,0.3002155,0.7970964,0.8,0.3,0.8,-0.195824,0.06956521,0.726549
21.78689,Table,0.1930026,0.3002155,0.7970964,0.8,0.3,0.8,-0.198903,0.06678854,0.7459896
21.79802,Table,0.1930026,0.3002155,0.7970964,0.8,0.3,0.8,-0.2003235,0.0598328,0.7549583
21.80929,Table,0.1930026,0.3002155,0.7970964,0.8,0.3,0.8,-0.2002504,0.06721799,0.754497
21.8204,Table,0.1930026,0.3002155,0.7970964,0.8,0.3,0.8,-0.1985711,0.09096663,0.7438939
21.83144,Table,0.1930026,0.3002155,0.7970964,0.8,0.3,0.8,-0.1962516,0.1208239,0.7292491
21.84269,Table,0.1930026,0.3002155,0.7970964,0.8,0.3,0.8,-0.1995492,0.1031879,0.7500695
21.85465,Table,0.1930026,0.3002155,0.7970964,0.8,0.3,0.8,-0.1972208,0.1347874,0.7353686
21.86498,Table,0.1930026,0.3002155,0.7970964,0.8,0.3,0.8,-0.198154,0.1484184,0.7412607
21.87573,Table,0.1930026,0.3002155,0.7970964,0.8,0.3,0.8,-0.1982869,0.1077085,0.7420995
21.88688,Table,0.1930026,0.3002155,0.7970964,0.8,0.3,0.8,-0.1935662,0.122963,0.7122934
21.89796,Table,0.1930026,0.3002155,0.7970964,0.8,0.3,0.8,-0.1930282,0.1406219,0.7088974
21.92039,Table,0.1930026,0.3002155,0.7970964,0.8,0.3,0.8,-0.1210693,0.1232646,0.552447
21.97596,Table,0.1930026,0.3002155,0.7970964,0.8,0.3,0.8,-0.1373593,0.1964412,0.5752392
36.07671,Table,0.1930026,0.3002155,0.7970964,0.8,0.3,0.8,0.1475861,0.6002155,0.8392298
36.08799,Table,0.1930026,0.3002155,0.7970964,0.8,0.3,0.8,0.2051898,0.6002155,0.8382964
36.09956,Table,0.1930026,0.3002155,0.7970964,0.8,0.3,0.8,0.2150945,0.6002155,0.8630224
36.11066,Table,0.1930026,0.3002155,0.7970964,0.8,0.3,0.8,0.2163689,0.6002155,0.8614076
36.12179,Table,0.1930026,0.3002155,0.7970964,0.8,0.3,0.8,0.2342143,0.6002155,0.8973657
36.13388,Table,0.1930026,0.3002155,0.7970964,0.8,0.3,0.8,0.2694231,0.6002155,0.9013438
36.14527,Table,0.1930026,0.3002155,0.7970964,0.8,0.3,0.8,0.3315946,0.6002155,0.8826062
36.15926,Table,0.1930026,0.3002155,0.7970964,0.8,0.3,0.8,0.3204914,0.6002155,0.8946705
36.16782,Table,0.1930026,0.3002155,0.7970964,0.8,0.3,0.8,0.3107727,0.6002155,0.8735977
36.17939,Table,0.1930026,0.3002155,0.7970964,0.8,0.3,0.8,0.3405724,0.6002155,0.9048662
36.19233,Table,0.1930026,0.3002155,0.7970964,0.8,0.3,0.8,0.3683558,0.6002155,0.9289852
36.20341,Table,0.1930026,0.3002155,0.7970964,0.8,0.3,0.8,0.3629322,0.6002155,0.9197647
36.21524,Table,0.1930026,0.3002155,0.7970964,0.8,0.3,0.8,0.3817623,0.6002155,0.9392672
36.23,Table,0.1930026,0.3002155,0.7970964,0.8,0.3,0.8,0.3554276,0.6002155,0.9162863
36.25114,Hamburger,0.3734185,0.6002154,1.020097,0.5,1,0.5,0.344649,0.6084919,0.9486808
36.26646,Table,0.1930026,0.3002155,0.7970964,0.8,0.3,0.8,0.3231817,0.6002155,0.9491752
36.27911,Table,0.1930026,0.3002155,0.7970964,0.8,0.3,0.8,0.3089714,0.6002155,0.9391792
36.2875,Table,0.1930026,0.3002155,0.7970964,0.8,0.3,0.8,0.2853132,0.6002155,0.9234794
36.30212,Table,0.1930026,0.3002155,0.7970964,0.8,0.3,0.8,0.2746727,0.6002155,0.913388
36.31651,Table,0.1930026,0.3002155,0.7970964,0.8,0.3,0.8,0.2643395,0.6002155,0.9052988
36.3274,Table,0.1930026,0.3002155,0.7970964,0.8,0.3,0.8,0.3256757,0.6002155,0.906932
36.33765,Table,0.1930026,0.3002155,0.7970964,0.8,0.3,0.8,0.2768861,0.6002155,0.8127496
36.34538,Table,0.1930026,0.3002155,0.7970964,0.8,0.3,0.8,0.2838043,0.6002155,0.8241192
36.354,Table,0.1930026,0.3002155,0.7970964,0.8,0.3,0.8,0.29206,0.6002155,0.8346856
36.36509,Table,0.1930026,0.3002155,0.7970964,0.8,0.3,0.8,0.3042201,0.6002155,0.8414102
36.37605,Table,0.1930026,0.3002155,0.7970964,0.8,0.3,0.8,0.2988966,0.6002154,0.8353083
36.38722,Table,0.1930026,0.3002155,0.7970964,0.8,0.3,0.8,0.2974709,0.6002155,0.8375655
36.39866,Table,0.1930026,0.3002155,0.7970964,0.8,0.3,0.8,0.3104219,0.6002155,0.8270608
36.40991,Table,0.1930026,0.3002155,0.7970964,0.8,0.3,0.8,0.3044269,0.6002155,0.8235464
36.42082,Table,0.1930026,0.3002155,0.7970964,0.8,0.3,0.8,0.3014922,0.6002155,0.8235475
36.43209,Table,0.1930026,0.3002155,0.7970964,0.8,0.3,0.8,0.3091171,0.6002155,0.8221953
36.4428,Table,0.1930026,0.3002155,0.7970964,0.8,0.3,0.8,0.3146357,0.6002155,0.8327546
36.45415,Table,0.1930026,0.3002155,0.7970964,0.8,0.3,0.8,0.3263118,0.6002155,0.8335773
36.46533,Table,0.1930026,0.3002155,0.7970964,0.8,0.3,0.8,0.3238871,0.6002155,0.8313142
36.47671,Table,0.1930026,0.3002155,0.7970964,0.8,0.3,0.8,0.3221251,0.6002155,0.8329275
36.48756,Table,0.1930026,0.3002155,0.7970964,0.8,0.3,0.8,0.3254851,0.6002155,0.8357618
36.49842,Table,0.1930026,0.3002155,0.7970964,0.8,0.3,0.8,0.3236251,0.6002155,0.840604
36.50932,Table,0.1930026,0.3002155,0.7970964,0.8,0.3,0.8,0.3260745,0.6002155,0.8432861
36.52029,Table,0.1930026,0.3002155,0.7970964,0.8,0.3,0.8,0.3278573,0.6002155,0.8402907
36.53174,Table,0.1930026,0.3002155,0.7970964,0.8,0.3,0.8,0.3280655,0.6002155,0.8439857
36.54289,Table,0.1930026,0.3002155,0.7970964,0.8,0.3,0.8,0.3240191,0.6002155,0.8358481
36.55409,Table,0.1930026,0.3002155,0.7970964,0.8,0.3,0.8,0.3256329,0.6002155,0.8426002
36.56483,Table,0.1930026,0.3002155,0.7970964,0.8,0.3,0.8,0.3190953,0.6002155,0.8321721
36.57604,Table,0.1930026,0.3002155,0.7970964,0.8,0.3,0.8,0.3200857,0.6002155,0.8326438
36.58696,Table,0.1930026,0.3002155,0.7970964,0.8,0.3,0.8,0.3164412,0.6002155,0.8259559
36.59858,Table,0.1930026,0.3002155,0.7970964,0.8,0.3,0.8,0.3229588,0.6002155,0.828163
36.60926,Table,0.1930026,0.3002155,0.7970964,0.8,0.3,0.8,0.3155533,0.6002155,0.8286855
36.62026,Table,0.1930026,0.3002155,0.7970964,0.8,0.3,0.8,0.3205101,0.6002155,0.8323935
36.63195,Table,0.1930026,0.3002155,0.7970964,0.8,0.3,0.8,0.2957608,0.6002155,0.8508182
36.64259,Table,0.1930026,0.3002155,0.7970964,0.8,0.3,0.8,0.145554,0.6002155,0.6620554
36.76539,Table,0.1930026,0.3002155,0.7970964,0.8,0.3,0.8,0.1440244,0.6002155,0.8079816
36.77634,Table,0.1930026,0.3002155,0.7970964,0.8,0.3,0.8,0.2214454,0.6002155,0.8725799
36.7886,Table,0.1930026,0.3002155,0.7970964,0.8,0.3,0.8,0.1593773,0.6002155,0.7156162
36.79965,Table,0.1930026,0.3002155,0.7970964,0.8,0.3,0.8,0.1307559,0.6002155,0.7301698
36.81101,Table,0.1930026,0.3002155,0.7970964,0.8,0.3,0.8,0.1554729,0.6002155,0.741393
36.8222,Table,0.1930026,0.3002155,0.7970964,0.8,0.3,0.8,0.3101126,0.6002155,0.9173642
36.83434,Table,0.1930026,0.3002155,0.7970964,0.8,0.3,0.8,0.2905828,0.6002155,0.9061087
36.84547,Table,0.1930026,0.3002155,0.7970964,0.8,0.3,0.8,0.3469333,0.6002155,0.9410444
36.8566,Hamburger,0.3734185,0.6002154,1.020097,0.5,1,0.5,0.364576,0.6102102,0.9431426
36.86829,Hamburger,0.3734185,0.6002154,1.020097,0.5,1,0.5,0.3797767,0.6039097,0.944814
36.87971,Table,0.1930026,0.3002155,0.7970964,0.8,0.3,0.8,0.3852853,0.6002155,0.9414476
36.89127,Table,0.1930026,0.3002155,0.7970964,0.8,0.3,0.8,0.388282,0.6002155,0.9399879
36.90321,Hamburger,0.3734185,0.6002154,1.020097,0.5,1,0.5,0.3993393,0.6100398,0.9471495
36.91404,Hamburger,0.3734185,0.6002154,1.020097,0.5,1,0.5,0.3994915,0.6181514,0.9454334
36.92537,Hamburger,0.3734185,0.6002154,1.020097,0.5,1,0.5,0.3974345,0.6072984,0.9473066
36.93671,Hamburger,0.3734185,0.6002154,1.020097,0.5,1,0.5,0.4031797,0.6008792,0.9518792
36.9479,Hamburger,0.3734185,0.6002154,1.020097,0.5,1,0.5,0.4007633,0.6010243,0.950816
36.95856,Table,0.1930026,0.3002155,0.7970964,0.8,0.3,0.8,0.4077331,0.6002155,0.9542397
36.96968,Table,0.1930026,0.3002155,0.7970964,0.8,0.3,0.8,0.4104965,0.6002155,0.9507837
36.98085,Table,0.1930026,0.3002155,0.7970964,0.8,0.3,0.8,0.4171929,0.6002155,0.9572451
36.99226,Table,0.1930026,0.3002155,0.7970964,0.8,0.3,0.8,0.4237828,0.6002155,0.961876
37.00316,Table,0.1930026,0.3002155,0.7970964,0.8,0.3,0.8,0.4264129,0.6002155,0.9641223
37.0141,Hamburger,0.3734185,0.6002154,1.020097,0.5,1,0.5,0.3995214,0.6084184,0.9476835
37.02546,Table,0.1930026,0.3002155,0.7970964,0.8,0.3,0.8,0.3904028,0.6002155,0.9363687
37.03628,Table,0.1930026,0.3002155,0.7970964,0.8,0.3,0.8,0.4065822,0.6002155,0.9474968
37.04754,Hamburger,0.3734185,0.6002154,1.020097,0.5,1,0.5,0.3913434,0.601153,0.9477515
37.05851,Table,0.1930026,0.3002155,0.7970964,0.8,0.3,0.8,0.397824,0.6002155,0.9490212
37.06982,Table,0.1930026,0.3002155,0.7970964,0.8,0.3,0.8,0.402834,0.6002155,0.9495466
37.08066,Table,0.1930026,0.3002155,0.7970964,0.8,0.3,0.8,0.4097559,0.6002155,0.9492047
37.09185,Hamburger,0.3734185,0.6002154,1.020097,0.5,1,0.5,0.3672178,0.6533443,0.9437649
37.10323,Hamburger,0.3734185,0.6002154,1.020097,0.5,1,0.5,0.3688768,0.6799757,0.9576195
37.11462,Hamburger,0.3734185,0.6002154,1.020097,0.5,1,0.5,0.3843437,0.7032341,0.9892929
37.12552,Hamburger,0.3734185,0.6002154,1.020097,0.5,1,0.5,0.3933982,0.7025563,0.9923909
37.1475,Hamburger,0.3734185,0.6002154,1.020097,0.5,1,0.5,0.401209,0.7052152,1.021873
39.82429,Hamburger,0.3734185,0.6002154,1.020097,0.5,1,0.5,0.3550366,0.7066411,1.005215
39.83512,Hamburger,0.3734185,0.6002154,1.020097,0.5,1,0.5,0.347376,0.7013019,0.9942446
39.84653,Hamburger,0.3734185,0.6002154,1.020097,0.5,1,0.5,0.373991,0.7084466,1.003374
39.85766,Hamburger,0.3734185,0.6002154,1.020097,0.5,1,0.5,0.3630049,0.7078331,1.003751
39.86843,Hamburger,0.3734185,0.6002154,1.020097,0.5,1,0.5,0.3744441,0.709203,1.007435
39.87969,Hamburger,0.3734185,0.6002154,1.020097,0.5,1,0.5,0.3579577,0.7071229,1.00442
39.89081,Hamburger,0.3734185,0.6002154,1.020097,0.5,1,0.5,0.3532524,0.7069204,1.009626
39.90219,Hamburger,0.3734185,0.6002154,1.020097,0.5,1,0.5,0.3541526,0.7067695,1.007114
39.91298,Hamburger,0.3734185,0.6002154,1.020097,0.5,1,0.5,0.3624802,0.7093275,1.024744
39.92396,Hamburger,0.3734185,0.6002154,1.020097,0.5,1,0.5,0.3519021,0.7066631,1.010468
39.93526,Hamburger,0.3734185,0.6002154,1.020097,0.5,1,0.5,0.369319,0.7099332,1.025422
44.83326,Table,0.1930026,0.3002155,0.7970964,0.8,0.3,0.8,-0.1475002,0.6002155,0.6387457
44.84449,Table,0.1930026,0.3002155,0.7970964,0.8,0.3,0.8,-0.1063517,0.6002155,0.5871245
44.85558,Table,0.1930026,0.3002155,0.7970964,0.8,0.3,0.8,-0.07620835,0.6002155,0.563765
44.86694,Table,0.1930026,0.3002155,0.7970964,0.8,0.3,0.8,-0.08765239,0.6002155,0.571564
44.87801,Table,0.1930026,0.3002155,0.7970964,0.8,0.3,0.8,-0.0891133,0.6002155,0.5799187
44.88964,Table,0.1930026,0.3002155,0.7970964,0.8,0.3,0.8,-0.08929634,0.6002155,0.6430942
44.89988,Table,0.1930026,0.3002155,0.7970964,0.8,0.3,0.8,-0.0874784,0.6002155,0.6318201
44.91104,Table,0.1930026,0.3002155,0.7970964,0.8,0.3,0.8,-0.07623821,0.6002155,0.6556011
44.92203,Table,0.1930026,0.3002155,0.7970964,0.8,0.3,0.8,-0.09047201,0.6002155,0.6039183
44.93313,Table,0.1930026,0.3002155,0.7970964,0.8,0.3,0.8,-0.1175883,0.6002155,0.6191494
44.94435,Table,0.1930026,0.3002155,0.7970964,0.8,0.3,0.8,-0.1144638,0.6002155,0.6120043
54.96222,Table,0.1930026,0.3002155,0.7970964,0.8,0.3,0.8,0.3575685,0.6002155,0.9585151
54.97332,Table,0.1930026,0.3002155,0.7970964,0.8,0.3,0.8,0.2889683,0.6002155,0.882584
54.98439,Table,0.1930026,0.3002155,0.7970964,0.8,0.3,0.8,0.2798532,0.6002155,0.8603296
54.99601,Table,0.1930026,0.3002155,0.7970964,0.8,0.3,0.8,0.3234059,0.6002155,0.9111695
55.0071,Table,0.1930026,0.3002155,0.7970964,0.8,0.3,0.8,0.3057688,0.6002155,0.8972105
55.01811,Table,0.1930026,0.3002155,0.7970964,0.8,0.3,0.8,0.2827666,0.6002155,0.8874834
55.0292,Table,0.1930026,0.3002155,0.7970964,0.8,0.3,0.8,0.2820482,0.6002155,0.9021218
55.04028,Table,0.1930026,0.3002155,0.7970964,0.8,0.3,0.8,0.2842855,0.6002155,0.9011926
55.05168,Table,0.1930026,0.3002155,0.7970964,0.8,0.3,0.8,0.2865331,0.6002155,0.9048914
55.06233,Table,0.1930026,0.3002155,0.7970964,0.8,0.3,0.8,0.3190722,0.6002155,0.9296139
55.07369,Table,0.1930026,0.3002155,0.7970964,0.8,0.3,0.8,0.321038,0.6002155,0.9266034
55.08476,Table,0.1930026,0.3002155,0.7970964,0.8,0.3,0.8,0.3099087,0.6002155,0.936042
55.09575,Table,0.1930026,0.3002155,0.7970964,0.8,0.3,0.8,0.3248782,0.6002155,0.9301554
55.10688,Table,0.1930026,0.3002155,0.7970964,0.8,0.3,0.8,0.3058373,0.6002155,0.9226959
55.11792,Table,0.1930026,0.3002155,0.7970964,0.8,0.3,0.8,0.2946087,0.6002155,0.9170277
55.12893,Table,0.1930026,0.3002155,0.7970964,0.8,0.3,0.8,0.3348033,0.6002155,0.947369
55.1403,Table,0.1930026,0.3002155,0.7970964,0.8,0.3,0.8,0.3276294,0.6002155,0.9382742
55.15137,Table,0.1930026,0.3002155,0.7970964,0.8,0.3,0.8,0.3483981,0.6002155,0.9396849
55.16232,Table,0.1930026,0.3002155,0.7970964,0.8,0.3,0.8,0.3598095,0.6002155,0.9627567
55.17358,Table,0.1930026,0.3002155,0.7970964,0.8,0.3,0.8,0.3623127,0.6002155,0.952768
55.18454,Table,0.1930026,0.3002155,0.7970964,0.8,0.3,0.8,0.3565448,0.6002155,0.9588577
55.19566,Table,0.1930026,0.3002155,0.7970964,0.8,0.3,0.8,0.3448757,0.6002155,0.9699631
55.20692,Table,0.1930026,0.3002155,0.7970964,0.8,0.3,0.8,0.3577027,0.6002155,0.9775699
55.21779,Table,0.1930026,0.3002155,0.7970964,0.8,0.3,0.8,0.3509175,0.6002155,0.9716692
55.22935,Table,0.1930026,0.3002155,0.7970964,0.8,0.3,0.8,0.3601109,0.6002155,0.9747539
55.24031,Table,0.1930026,0.3002155,0.7970964,0.8,0.3,0.8,0.3473471,0.6002155,0.9594353
55.25159,Table,0.1930026,0.3002155,0.7970964,0.8,0.3,0.8,0.3476059,0.6002155,0.9569809
55.26271,Table,0.1930026,0.3002155,0.7970964,0.8,0.3,0.8,0.3439785,0.6002155,0.9514859
55.27381,Table,0.1930026,0.3002155,0.7970964,0.8,0.3,0.8,0.3205588,0.6002155,0.924804
55.28432,Table,0.1930026,0.3002155,0.7970964,0.8,0.3,0.8,0.249552,0.6002155,0.8622574
55.29558,Table,0.1930026,0.3002155,0.7970964,0.8,0.3,0.8,0.2438428,0.6002155,0.839734
55.30719,Table,0.1930026,0.3002155,0.7970964,0.8,0.3,0.8,0.2433315,0.6002155,0.8362672
55.31795,Table,0.1930026,0.3002155,0.7970964,0.8,0.3,0.8,0.2402616,0.6002155,0.8303941
55.32896,Table,0.1930026,0.3002155,0.7970964,0.8,0.3,0.8,0.2571342,0.6002155,0.8474708
55.34022,Table,0.1930026,0.3002155,0.7970964,0.8,0.3,0.8,0.2490454,0.6002155,0.8453168
55.3512,Table,0.1930026,0.3002155,0.7970964,0.8,0.3,0.8,0.2414665,0.6002155,0.8447086
55.36214,Table,0.1930026,0.3002155,0.7970964,0.8,0.3,0.8,0.2410587,0.6002155,0.8534299
55.37354,Table,0.1930026,0.3002155,0.7970964,0.8,0.3,0.8,0.2417946,0.6002155,0.8514498
55.38439,Table,0.1930026,0.3002155,0.7970964,0.8,0.3,0.8,0.2374564,0.6002155,0.8541285
55.39552,Table,0.1930026,0.3002155,0.7970964,0.8,0.3,0.8,0.241682,0.6002155,0.8495878
55.40699,Table,0.1930026,0.3002155,0.7970964,0.8,0.3,0.8,0.2499723,0.6002155,0.86621
55.4178,Table,0.1930026,0.3002155,0.7970964,0.8,0.3,0.8,0.2465661,0.6002155,0.8586327
55.42911,Table,0.1930026,0.3002155,0.7970964,0.8,0.3,0.8,0.2566473,0.6002155,0.8606628
55.44015,Table,0.1930026,0.3002155,0.7970964,0.8,0.3,0.8,0.2682665,0.6002155,0.8656521
55.45115,Table,0.1930026,0.3002155,0.7970964,0.8,0.3,0.8,0.2679813,0.6002155,0.8683265
55.46257,Table,0.1930026,0.3002155,0.7970964,0.8,0.3,0.8,0.2681564,0.6002154,0.863466
55.47367,Table,0.1930026,0.3002155,0.7970964,0.8,0.3,0.8,0.264842,0.6002155,0.8570145
55.48436,Table,0.1930026,0.3002155,0.7970964,0.8,0.3,0.8,0.2640029,0.6002155,0.8574027
55.49558,Table,0.1930026,0.3002155,0.7970964,0.8,0.3,0.8,0.2654507,0.6002155,0.8640418
55.50676,Table,0.1930026,0.3002155,0.7970964,0.8,0.3,0.8,0.2725024,0.6002155,0.8681965
55.51768,Table,0.1930026,0.3002155,0.7970964,0.8,0.3,0.8,0.268648,0.6002155,0.8516949
55.52892,Table,0.1930026,0.3002155,0.7970964,0.8,0.3,0.8,0.2700038,0.6002155,0.8670544
55.54016,Table,0.1930026,0.3002155,0.7970964,0.8,0.3,0.8,0.2617838,0.6002155,0.8612582
55.55107,Table,0.1930026,0.3002155,0.7970964,0.8,0.3,0.8,0.2675372,0.6002155,0.8674778
55.56246,Table,0.1930026,0.3002155,0.7970964,0.8,0.3,0.8,0.2737562,0.6002155,0.8733162
55.57346,Table,0.1930026,0.3002155,0.7970964,0.8,0.3,0.8,0.2745576,0.6002155,0.8704348
55.58452,Table,0.1930026,0.3002155,0.7970964,0.8,0.3,0.8,0.2763494,0.6002155,0.8707404
55.59555,Table,0.1930026,0.3002155,0.7970964,0.8,0.3,0.8,0.2767711,0.6002155,0.8738399
55.60683,Table,0.1930026,0.3002155,0.7970964,0.8,0.3,0.8,0.2747427,0.6002155,0.8712487
55.61777,Table,0.1930026,0.3002155,0.7970964,0.8,0.3,0.8,0.2721222,0.6002155,0.8701356
55.62885,Table,0.1930026,0.3002155,0.7970964,0.8,0.3,0.8,0.2705851,0.6002155,0.87076
55.63996,Table,0.1930026,0.3002155,0.7970964,0.8,0.3,0.8,0.2690647,0.6002155,0.8692752
55.65159,Table,0.1930026,0.3002155,0.7970964,0.8,0.3,0.8,0.2723948,0.6002155,0.8677316
55.66212,Table,0.1930026,0.3002155,0.7970964,0.8,0.3,0.8,0.2714413,0.6002155,0.87657
55.67321,Table,0.1930026,0.3002155,0.7970964,0.8,0.3,0.8,0.2736809,0.6002155,0.885285
55.68416,Table,0.1930026,0.3002155,0.7970964,0.8,0.3,0.8,0.2662748,0.6002155,0.8826727
55.69551,Table,0.1930026,0.3002155,0.7970964,0.8,0.3,0.8,0.2575501,0.6002155,0.774528
55.85808,Table,0.1930026,0.3002155,0.7970964,0.8,0.3,0.8,0.2039242,0.6002155,0.7345822
55.86929,Table,0.1930026,0.3002155,0.7970964,0.8,0.3,0.8,0.2225259,0.6002155,0.6458564
55.8804,Table,0.1930026,0.3002155,0.7970964,0.8,0.3,0.8,0.3338606,0.6002155,0.7521671
55.8914,Table,0.1930026,0.3002155,0.7970964,0.8,0.3,0.8,0.3883752,0.6002155,0.7383496
55.90227,Table,0.1930026,0.3002155,0.7970964,0.8,0.3,0.8,0.2921351,0.6002155,0.7249628
55.91345,Table,0.1930026,0.3002155,0.7970964,0.8,0.3,0.8,0.3190345,0.6002155,0.7508581
55.92488,Table,0.1930026,0.3002155,0.7970964,0.8,0.3,0.8,0.330861,0.6002155,0.766808
55.93566,Table,0.1930026,0.3002155,0.7970964,0.8,0.3,0.8,0.3632563,0.6002155,0.7871966
55.94688,Table,0.1930026,0.3002155,0.7970964,0.8,0.3,0.8,0.3552507,0.6002155,0.7797574
55.95817,Table,0.1930026,0.3002155,0.7970964,0.8,0.3,0.8,0.3683432,0.6002155,0.7753604
55.96891,Table,0.1930026,0.3002155,0.7970964,0.8,0.3,0.8,0.3609642,0.6002155,0.7670141
55.98055,Table,0.1930026,0.3002155,0.7970964,0.8,0.3,0.8,0.3717479,0.6002155,0.767626
55.99121,Table,0.1930026,0.3002155,0.7970964,0.8,0.3,0.8,0.3680773,0.6002155,0.7667322
56.00235,Table,0.1930026,0.3002155,0.7970964,0.8,0.3,0.8,0.3714184,0.6002155,0.7653309
56.01371,Table,0.1930026,0.3002155,0.7970964,0.8,0.3,0.8,0.3719842,0.6002155,0.7633124
56.02568,Table,0.1930026,0.3002155,0.7970964,0.8,0.3,0.8,0.374629,0.6002155,0.7643767
56.03574,Table,0.1930026,0.3002155,0.7970964,0.8,0.3,0.8,0.3763147,0.6002155,0.7648435
56.04697,Table,0.1930026,0.3002155,0.7970964,0.8,0.3,0.8,0.3774987,0.6002155,0.766153
56.05789,Table,0.1930026,0.3002155,0.7970964,0.8,0.3,0.8,0.3782086,0.6002155,0.7656756
56.06896,Table,0.1930026,0.3002155,0.7970964,0.8,0.3,0.8,0.3824061,0.6002155,0.7684911
56.08042,Table,0.1930026,0.3002155,0.7970964,0.8,0.3,0.8,0.3824064,0.6002155,0.7683421
56.09106,Table,0.1930026,0.3002155,0.7970964,0.8,0.3,0.8,0.3892205,0.6002155,0.7733002
56.10212,Table,0.1930026,0.3002155,0.7970964,0.8,0.3,0.8,0.341419,0.6002155,0.7636124
56.1134,Table,0.1930026,0.3002155,0.7970964,0.8,0.3,0.8,0.3138807,0.6002155,0.7390496
56.12479,Table,0.1930026,0.3002155,0.7970964,0.8,0.3,0.8,0.3196801,0.6002155,0.7305642
56.13558,Table,0.1930026,0.3002155,0.7970964,0.8,0.3,0.8,0.3164458,0.6002155,0.7425767
56.14688,Table,0.1930026,0.3002155,0.7970964,0.8,0.3,0.8,0.3123899,0.6002155,0.7395086
56.15795,Table,0.1930026,0.3002155,0.7970964,0.8,0.3,0.8,0.3130462,0.6002155,0.7390947
56.16879,Table,0.1930026,0.3002155,0.7970964,0.8,0.3,0.8,0.3116595,0.6002155,0.7393569
56.18047,Table,0.1930026,0.3002155,0.7970964,0.8,0.3,0.8,0.2900378,0.6002155,0.7382903
56.19182,Table,0.1930026,0.3002155,0.7970964,0.8,0.3,0.8,0.2888191,0.6002155,0.7391813
56.20297,Table,0.1930026,0.3002155,0.7970964,0.8,0.3,0.8,0.2897061,0.6002155,0.7404176
56.2146,Table,0.1930026,0.3002155,0.7970964,0.8,0.3,0.8,0.2877964,0.6002155,0.7398306
56.22563,Table,0.1930026,0.3002155,0.7970964,0.8,0.3,0.8,0.2854781,0.6002154,0.7389475
56.23769,Table,0.1930026,0.3002155,0.7970964,0.8,0.3,0.8,0.2836661,0.6002155,0.738455
56.24851,Table,0.1930026,0.3002155,0.7970964,0.8,0.3,0.8,0.2842371,0.6002155,0.7390948
56.25941,Table,0.1930026,0.3002155,0.7970964,0.8,0.3,0.8,0.2868701,0.6002155,0.7400317
56.27105,Table,0.1930026,0.3002155,0.7970964,0.8,0.3,0.8,0.2861158,0.6002155,0.7389874
56.28245,Table,0.1930026,0.3002155,0.7970964,0.8,0.3,0.8,0.2888893,0.6002155,0.7412444
56.29327,Table,0.1930026,0.3002155,0.7970964,0.8,0.3,0.8,0.2901618,0.6002155,0.7416981
56.30516,Table,0.1930026,0.3002155,0.7970964,0.8,0.3,0.8,0.2914777,0.6002155,0.7450344
56.31602,Table,0.1930026,0.3002155,0.7970964,0.8,0.3,0.8,0.2903863,0.6002155,0.7450528
56.32714,Table,0.1930026,0.3002155,0.7970964,0.8,0.3,0.8,0.2920723,0.6002155,0.7471949
56.33871,Table,0.1930026,0.3002155,0.7970964,0.8,0.3,0.8,0.2905979,0.6002155,0.7462428
56.3499,Table,0.1930026,0.3002155,0.7970964,0.8,0.3,0.8,0.2886707,0.6002155,0.7460665
56.36131,Table,0.1930026,0.3002155,0.7970964,0.8,0.3,0.8,0.2886824,0.6002155,0.7449579
56.37269,Table,0.1930026,0.3002155,0.7970964,0.8,0.3,0.8,0.2897117,0.6002155,0.7474196
56.38387,Table,0.1930026,0.3002155,0.7970964,0.8,0.3,0.8,0.2903627,0.6002155,0.7475438
56.39544,Table,0.1930026,0.3002155,0.7970964,0.8,0.3,0.8,0.2913187,0.6002155,0.7498541
56.40644,Table,0.1930026,0.3002155,0.7970964,0.8,0.3,0.8,0.2913424,0.6002155,0.7490211
56.41732,Table,0.1930026,0.3002155,0.7970964,0.8,0.3,0.8,0.2921193,0.6002155,0.7463586
56.42851,Table,0.1930026,0.3002155,0.7970964,0.8,0.3,0.8,0.1620308,0.6002155,0.6823616
56.43999,Table,0.1930026,0.3002155,0.7970964,0.8,0.3,0.8,0.0824754,0.6002155,0.6454495
56.45111,Table,0.1930026,0.3002155,0.7970964,0.8,0.3,0.8,0.05744426,0.6002155,0.6322583
56.46182,Table,0.1930026,0.3002155,0.7970964,0.8,0.3,0.8,0.0328932,0.6002155,0.6022389
56.47295,Table,0.1930026,0.3002155,0.7970964,0.8,0.3,0.8,0.03773987,0.6002155,0.6077526
56.48419,Table,0.1930026,0.3002155,0.7970964,0.8,0.3,0.8,0.04116485,0.6002155,0.6067929
56.49509,Table,0.1930026,0.3002155,0.7970964,0.8,0.3,0.8,0.03914182,0.6002155,0.6058651
56.50636,Table,0.1930026,0.3002155,0.7970964,0.8,0.3,0.8,0.03666756,0.6002155,0.6052478
56.51721,Table,0.1930026,0.3002155,0.7970964,0.8,0.3,0.8,0.02778365,0.6002155,0.6085907
56.5288,Table,0.1930026,0.3002155,0.7970964,0.8,0.3,0.8,0.002321288,0.6002154,0.6149072
56.53978,Table,0.1930026,0.3002155,0.7970964,0.8,0.3,0.8,0.0002819449,0.6002155,0.6157295
56.55102,Table,0.1930026,0.3002155,0.7970964,0.8,0.3,0.8,-0.003361613,0.6002155,0.6148756
56.56192,Table,0.1930026,0.3002155,0.7970964,0.8,0.3,0.8,-0.004539594,0.6002155,0.61292
56.57301,Table,0.1930026,0.3002155,0.7970964,0.8,0.3,0.8,-0.00352335,0.6002155,0.6117799
56.58395,Table,0.1930026,0.3002155,0.7970964,0.8,0.3,0.8,-0.005953833,0.6002155,0.6109588
56.59515,Table,0.1930026,0.3002155,0.7970964,0.8,0.3,0.8,-0.003416404,0.6002155,0.605809
56.60619,Table,0.1930026,0.3002155,0.7970964,0.8,0.3,0.8,-0.004805848,0.6002155,0.6019564
56.61734,Table,0.1930026,0.3002155,0.7970964,0.8,0.3,0.8,-0.004125878,0.6002155,0.6015415
56.62839,Table,0.1930026,0.3002155,0.7970964,0.8,0.3,0.8,-0.004803449,0.6002155,0.5996977
56.63979,Table,0.1930026,0.3002155,0.7970964,0.8,0.3,0.8,-0.005802199,0.6002155,0.6007429
56.65101,Table,0.1930026,0.3002155,0.7970964,0.8,0.3,0.8,-0.01190741,0.6002155,0.6010165
56.66174,Table,0.1930026,0.3002155,0.7970964,0.8,0.3,0.8,-0.01050439,0.6002155,0.5988957
56.67282,Table,0.1930026,0.3002155,0.7970964,0.8,0.3,0.8,-0.009744003,0.6002154,0.5970222
56.68394,Table,0.1930026,0.3002155,0.7970964,0.8,0.3,0.8,-0.007990763,0.6002155,0.5974553
56.695,Table,0.1930026,0.3002155,0.7970964,0.8,0.3,0.8,-0.003083229,0.6002155,0.6010798
56.70653,Table,0.1930026,0.3002155,0.7970964,0.8,0.3,0.8,-0.001894698,0.6002155,0.5989735
56.71732,Table,0.1930026,0.3002155,0.7970964,0.8,0.3,0.8,0.0005841106,0.6002155,0.598457
56.72856,Table,0.1930026,0.3002155,0.7970964,0.8,0.3,0.8,-0.007911071,0.6002155,0.592743
56.73974,Table,0.1930026,0.3002155,0.7970964,0.8,0.3,0.8,-0.008941218,0.6002155,0.591592
56.75066,Table,0.1930026,0.3002155,0.7970964,0.8,0.3,0.8,-0.008696467,0.6002155,0.5899695
56.76155,Table,0.1930026,0.3002155,0.7970964,0.8,0.3,0.8,-0.002165303,0.6002154,0.5974283
56.77305,Table,0.1930026,0.3002155,0.7970964,0.8,0.3,0.8,-0.006032646,0.6002155,0.5948026
56.78416,Table,0.1930026,0.3002155,0.7970964,0.8,0.3,0.8,-0.00690861,0.6002155,0.5944463
56.79505,Table,0.1930026,0.3002155,0.7970964,0.8,0.3,0.8,-0.01034892,0.6002155,0.5984583
56.80625,Table,0.1930026,0.3002155,0.7970964,0.8,0.3,0.8,0.01311475,0.6002155,0.6081387
56.81726,Table,0.1930026,0.3002155,0.7970964,0.8,0.3,0.8,0.08284674,0.6002155,0.6486891
56.82857,Table,0.1930026,0.3002155,0.7970964,0.8,0.3,0.8,0.2339229,0.6002155,0.7750272
56.83944,Table,0.1930026,0.3002155,0.7970964,0.8,0.3,0.8,0.2846752,0.6002155,0.8370593
56.85052,Table,0.1930026,0.3002155,0.7970964,0.8,0.3,0.8,0.3302629,0.6002155,0.8908421
56.86205,Table,0.1930026,0.3002155,0.7970964,0.8,0.3,0.8,0.3712643,0.6002155,0.9272021
56.87292,Table,0.1930026,0.3002155,0.7970964,0.8,0.3,0.8,0.3672405,0.6002154,0.938966
56.8838,Table,0.1930026,0.3002155,0.7970964,0.8,0.3,0.8,0.3967957,0.6002155,0.916859
56.89497,Table,0.1930026,0.3002155,0.7970964,0.8,0.3,0.8,0.3717173,0.6002155,0.9124665
56.9062,Table,0.1930026,0.3002155,0.7970964,0.8,0.3,0.8,0.377417,0.6002154,0.911902
56.91743,Table,0.1930026,0.3002155,0.7970964,0.8,0.3,0.8,0.3779016,0.6002155,0.9165606
56.92854,Table,0.1930026,0.3002155,0.7970964,0.8,0.3,0.8,0.3744676,0.6002155,0.9037438
56.93959,Table,0.1930026,0.3002155,0.7970964,0.8,0.3,0.8,0.3776709,0.6002155,0.9169206
56.95039,Table,0.1930026,0.3002155,0.7970964,0.8,0.3,0.8,0.3781348,0.6002155,0.9187263
56.96181,Table,0.1930026,0.3002155,0.7970964,0.8,0.3,0.8,0.3726915,0.6002155,0.9091637
56.97282,Table,0.1930026,0.3002155,0.7970964,0.8,0.3,0.8,0.3733734,0.6002155,0.9100232
56.9838,Table,0.1930026,0.3002155,0.7970964,0.8,0.3,0.8,0.3710358,0.6002155,0.9148005
56.99494,Table,0.1930026,0.3002155,0.7970964,0.8,0.3,0.8,0.3665775,0.6002155,0.913761
57.00614,Table,0.1930026,0.3002155,0.7970964,0.8,0.3,0.8,0.3659793,0.6002155,0.9171132
57.0173,Table,0.1930026,0.3002155,0.7970964,0.8,0.3,0.8,0.3643956,0.6002155,0.916083
57.02831,Table,0.1930026,0.3002155,0.7970964,0.8,0.3,0.8,0.3618858,0.6002155,0.9163349
57.03972,Table,0.1930026,0.3002155,0.7970964,0.8,0.3,0.8,0.36287,0.6002155,0.916002
57.05056,Table,0.1930026,0.3002155,0.7970964,0.8,0.3,0.8,0.3615673,0.6002155,0.9151716
57.06165,Table,0.1930026,0.3002155,0.7970964,0.8,0.3,0.8,0.3593951,0.6002155,0.9146117
57.07296,Table,0.1930026,0.3002155,0.7970964,0.8,0.3,0.8,0.3577364,0.6002155,0.9137053
57.08395,Table,0.1930026,0.3002155,0.7970964,0.8,0.3,0.8,0.3558964,0.6002155,0.9124922
57.09473,Table,0.1930026,0.3002155,0.7970964,0.8,0.3,0.8,0.3562436,0.6002155,0.9117961
57.10605,Table,0.1930026,0.3002155,0.7970964,0.8,0.3,0.8,0.3567194,0.6002155,0.9098156
57.11703,Table,0.1930026,0.3002155,0.7970964,0.8,0.3,0.8,0.328524,0.6002155,0.8859756
57.12802,Table,0.1930026,0.3002155,0.7970964,0.8,0.3,0.8,0.116615,0.6002155,0.7024418
57.13957,Table,0.1930026,0.3002155,0.7970964,0.8,0.3,0.8,0.04721279,0.6002155,0.6421219
57.1503,Table,0.1930026,0.3002155,0.7970964,0.8,0.3,0.8,0.003080502,0.6002155,0.5905617
57.16166,Table,0.1930026,0.3002155,0.7970964,0.8,0.3,0.8,-0.04324487,0.6002155,0.5589468
57.17287,Table,0.1930026,0.3002155,0.7970964,0.8,0.3,0.8,-0.03976838,0.6002155,0.5715373
57.18373,Table,0.1930026,0.3002155,0.7970964,0.8,0.3,0.8,-0.04238836,0.6002155,0.5667081
57.19487,Table,0.1930026,0.3002155,0.7970964,0.8,0.3,0.8,-0.01714282,0.6002155,0.5584574
57.20594,Table,0.1930026,0.3002155,0.7970964,0.8,0.3,0.8,-0.02315144,0.6002155,0.5590075
57.21711,Table,0.1930026,0.3002155,0.7970964,0.8,0.3,0.8,-0.04185775,0.6002155,0.5625314
57.22805,Table,0.1930026,0.3002155,0.7970964,0.8,0.3,0.8,-0.04720581,0.6002155,0.5642189
57.23925,Table,0.1930026,0.3002155,0.7970964,0.8,0.3,0.8,-0.04648955,0.6002155,0.5655389
57.25029,Table,0.1930026,0.3002155,0.7970964,0.8,0.3,0.8,-0.04353033,0.6002155,0.5665043
57.26153,Table,0.1930026,0.3002155,0.7970964,0.8,0.3,0.8,-0.0440288,0.6002155,0.5684947
57.2729,Table,0.1930026,0.3002155,0.7970964,0.8,0.3,0.8,-0.0437405,0.6002155,0.5690351
57.28366,Table,0.1930026,0.3002155,0.7970964,0.8,0.3,0.8,-0.04273403,0.6002155,0.5702208
57.29469,Table,0.1930026,0.3002155,0.7970964,0.8,0.3,0.8,-0.04144375,0.6002155,0.5728278
57.3063,Table,0.1930026,0.3002155,0.7970964,0.8,0.3,0.8,-0.04117377,0.6002155,0.5741081
57.31691,Table,0.1930026,0.3002155,0.7970964,0.8,0.3,0.8,-0.04116575,0.6002155,0.5745897
57.32883,Table,0.1930026,0.3002155,0.7970964,0.8,0.3,0.8,-0.04001203,0.6002155,0.5746599
57.33989,Table,0.1930026,0.3002155,0.7970964,0.8,0.3,0.8,-0.03867681,0.6002155,0.5741804
57.35035,Table,0.1930026,0.3002155,0.7970964,0.8,0.3,0.8,-0.03855355,0.6002155,0.5736439
57.36169,Table,0.1930026,0.3002155,0.7970964,0.8,0.3,0.8,-0.03837088,0.6002155,0.5745532
57.37278,Table,0.1930026,0.3002155,0.7970964,0.8,0.3,0.8,-0.03904526,0.6002155,0.5734308
57.38371,Table,0.1930026,0.3002155,0.7970964,0.8,0.3,0.8,-0.04011932,0.6002155,0.5734839
57.39508,Table,0.1930026,0.3002155,0.7970964,0.8,0.3,0.8,-0.04177192,0.6002155,0.5708975
57.40623,Table,0.1930026,0.3002155,0.7970964,0.8,0.3,0.8,-0.04270299,0.6002155,0.570375
57.41711,Table,0.1930026,0.3002155,0.7970964,0.8,0.3,0.8,-0.04326279,0.6002155,0.5697272
57.4281,Table,0.1930026,0.3002155,0.7970964,0.8,0.3,0.8,-0.04345889,0.6002155,0.5697759
57.43959,Table,0.1930026,0.3002155,0.7970964,0.8,0.3,0.8,-0.04488233,0.6002155,0.5689614
57.45047,Table,0.1930026,0.3002155,0.7970964,0.8,0.3,0.8,-0.04432932,0.6002155,0.5674066
57.46139,Table,0.1930026,0.3002155,0.7970964,0.8,0.3,0.8,-0.04071648,0.6002155,0.5687209
57.4729,Table,0.1930026,0.3002155,0.7970964,0.8,0.3,0.8,-0.04157732,0.6002155,0.568153
57.48437,Table,0.1930026,0.3002155,0.7970964,0.8,0.3,0.8,-0.04184583,0.6002155,0.5664806
57.49508,Table,0.1930026,0.3002155,0.7970964,0.8,0.3,0.8,-0.04028709,0.6002155,0.5674835
57.50603,Table,0.1930026,0.3002155,0.7970964,0.8,0.3,0.8,-0.03989986,0.6002155,0.5665821
57.51688,Table,0.1930026,0.3002155,0.7970964,0.8,0.3,0.8,-0.04022734,0.6002155,0.5677301
57.52804,Table,0.1930026,0.3002155,0.7970964,0.8,0.3,0.8,-0.04162335,0.6002155,0.5656366
57.53997,Table,0.1930026,0.3002155,0.7970964,0.8,0.3,0.8,-0.04203694,0.6002155,0.5642146
57.55043,Table,0.1930026,0.3002155,0.7970964,0.8,0.3,0.8,-0.04141116,0.6002155,0.5639195
57.56162,Table,0.1930026,0.3002155,0.7970964,0.8,0.3,0.8,-0.04196727,0.6002155,0.5649334
57.57278,Table,0.1930026,0.3002155,0.7970964,0.8,0.3,0.8,-0.0380688,0.6002155,0.5650476
57.58386,Table,0.1930026,0.3002155,0.7970964,0.8,0.3,0.8,-0.03956394,0.6002155,0.5642387
57.59499,Table,0.1930026,0.3002155,0.7970964,0.8,0.3,0.8,-0.04116595,0.6002155,0.5627286
57.60593,Table,0.1930026,0.3002155,0.7970964,0.8,0.3,0.8,-0.03938332,0.6002155,0.5658363
57.61701,Table,0.1930026,0.3002155,0.7970964,0.8,0.3,0.8,-0.04298948,0.6002155,0.5666479
57.62783,Table,0.1930026,0.3002155,0.7970964,0.8,0.3,0.8,-0.04576568,0.6002155,0.5651869
57.63949,Table,0.1930026,0.3002155,0.7970964,0.8,0.3,0.8,-0.04420593,0.6002155,0.5666584
57.65034,Table,0.1930026,0.3002155,0.7970964,0.8,0.3,0.8,-0.04250085,0.6002155,0.568048
57.66145,Table,0.1930026,0.3002155,0.7970964,0.8,0.3,0.8,-0.03718208,0.6002155,0.5705607
57.67258,Table,0.1930026,0.3002155,0.7970964,0.8,0.3,0.8,-0.03675202,0.6002155,0.5705594
57.6837,Table,0.1930026,0.3002155,0.7970964,0.8,0.3,0.8,-0.03410371,0.6002155,0.5722185
57.69466,Table,0.1930026,0.3002155,0.7970964,0.8,0.3,0.8,-0.0315448,0.6002155,0.5630341
57.70584,Table,0.1930026,0.3002155,0.7970964,0.8,0.3,0.8,0.04664126,0.6002155,0.5994313
57.71666,Table,0.1930026,0.3002155,0.7970964,0.8,0.3,0.8,0.1398509,0.6002155,0.6695872
57.728,Table,0.1930026,0.3002155,0.7970964,0.8,0.3,0.8,0.3020582,0.6002155,0.780413
57.73964,Table,0.1930026,0.3002155,0.7970964,0.8,0.3,0.8,0.3219259,0.6002155,0.80949
57.74998,Table,0.1930026,0.3002155,0.7970964,0.8,0.3,0.8,0.3540528,0.6002155,0.8478029
57.76161,Table,0.1930026,0.3002155,0.7970964,0.8,0.3,0.8,0.3453786,0.6002155,0.8336584
57.77258,Table,0.1930026,0.3002155,0.7970964,0.8,0.3,0.8,0.370818,0.6002155,0.8203841
57.78362,Table,0.1930026,0.3002155,0.7970964,0.8,0.3,0.8,0.3698575,0.6002155,0.8077365
57.79497,Table,0.1930026,0.3002155,0.7970964,0.8,0.3,0.8,0.3529247,0.6002155,0.8212101
57.80597,Table,0.1930026,0.3002155,0.7970964,0.8,0.3,0.8,0.34025,0.6002155,0.8262654
57.81674,Table,0.1930026,0.3002155,0.7970964,0.8,0.3,0.8,0.3403648,0.6002155,0.8311274
57.82779,Table,0.1930026,0.3002155,0.7970964,0.8,0.3,0.8,0.3278111,0.6002155,0.8226705
57.83913,Table,0.1930026,0.3002155,0.7970964,0.8,0.3,0.8,0.3288614,0.6002155,0.8192372
57.85022,Table,0.1930026,0.3002155,0.7970964,0.8,0.3,0.8,0.3284809,0.6002155,0.8221003
57.8615,Table,0.1930026,0.3002155,0.7970964,0.8,0.3,0.8,0.3279224,0.6002155,0.8214412
57.87244,Table,0.1930026,0.3002155,0.7970964,0.8,0.3,0.8,0.3286812,0.6002155,0.8212309
57.88351,Table,0.1930026,0.3002155,0.7970964,0.8,0.3,0.8,0.3287343,0.6002155,0.8196724
57.89483,Table,0.1930026,0.3002155,0.7970964,0.8,0.3,0.8,0.329546,0.6002155,0.8156949
57.90579,Table,0.1930026,0.3002155,0.7970964,0.8,0.3,0.8,0.3294787,0.6002155,0.8128071
57.91664,Table,0.1930026,0.3002155,0.7970964,0.8,0.3,0.8,0.3293504,0.6002155,0.8115143
57.9281,Table,0.1930026,0.3002155,0.7970964,0.8,0.3,0.8,0.296068,0.6002155,0.7699135
57.93964,Table,0.1930026,0.3002155,0.7970964,0.8,0.3,0.8,0.2713625,0.6002155,0.7422135
57.9502,Table,0.1930026,0.3002155,0.7970964,0.8,0.3,0.8,0.2768403,0.6002155,0.734119
57.96116,Table,0.1930026,0.3002155,0.7970964,0.8,0.3,0.8,0.2698464,0.6002155,0.7313691
57.97241,Table,0.1930026,0.3002155,0.7970964,0.8,0.3,0.8,0.2719407,0.6002155,0.7329419
57.9834,Table,0.1930026,0.3002155,0.7970964,0.8,0.3,0.8,0.2705442,0.6002155,0.7336878
57.99474,Table,0.1930026,0.3002155,0.7970964,0.8,0.3,0.8,0.2603866,0.6002155,0.7368481
58.00575,Table,0.1930026,0.3002155,0.7970964,0.8,0.3,0.8,0.2587759,0.6002155,0.7371659
58.01664,Table,0.1930026,0.3002155,0.7970964,0.8,0.3,0.8,0.2600908,0.6002155,0.7384354
58.02768,Table,0.1930026,0.3002155,0.7970964,0.8,0.3,0.8,0.2583077,0.6002155,0.7368528
58.03923,Table,0.1930026,0.3002155,0.7970964,0.8,0.3,0.8,0.2615679,0.6002155,0.7370092
58.05005,Table,0.1930026,0.3002155,0.7970964,0.8,0.3,0.8,0.2626441,0.6002155,0.7372522
58.0612,Table,0.1930026,0.3002155,0.7970964,0.8,0.3,0.8,0.2663487,0.6002155,0.7405763
58.07228,Table,0.1930026,0.3002155,0.7970964,0.8,0.3,0.8,0.2688743,0.6002155,0.7427204
58.08356,Table,0.1930026,0.3002155,0.7970964,0.8,0.3,0.8,0.269855,0.6002155,0.7442081
58.09439,Table,0.1930026,0.3002155,0.7970964,0.8,0.3,0.8,0.2705622,0.6002155,0.7440516
58.10588,Table,0.1930026,0.3002155,0.7970964,0.8,0.3,0.8,0.2703052,0.6002155,0.7446983
58.11663,Table,0.1930026,0.3002155,0.7970964,0.8,0.3,0.8,0.2707528,0.6002155,0.7449355
58.12795,Table,0.1930026,0.3002155,0.7970964,0.8,0.3,0.8,0.2702934,0.6002155,0.7452243
58.139,Table,0.1930026,0.3002155,0.7970964,0.8,0.3,0.8,0.272209,0.6002155,0.7460995
58.15014,Table,0.1930026,0.3002155,0.7970964,0.8,0.3,0.8,0.2717727,0.6002155,0.7450064
58.16124,Table,0.1930026,0.3002155,0.7970964,0.8,0.3,0.8,0.2727228,0.6002155,0.746059
58.17229,Table,0.1930026,0.3002155,0.7970964,0.8,0.3,0.8,0.2723905,0.6002155,0.7455003
58.18328,Table,0.1930026,0.3002155,0.7970964,0.8,0.3,0.8,0.2726228,0.6002155,0.7455849
58.19438,Table,0.1930026,0.3002155,0.7970964,0.8,0.3,0.8,0.26317,0.6002155,0.7513409
58.20549,Table,0.1930026,0.3002155,0.7970964,0.8,0.3,0.8,0.2882431,0.6002155,0.8118309
58.21704,Table,0.1930026,0.3002155,0.7970964,0.8,0.3,0.8,0.3308912,0.6002155,0.9068668
58.22751,Table,0.1930026,0.3002155,0.7970964,0.8,0.3,0.8,0.389986,0.6002155,1.000065
58.23911,Table,0.1930026,0.3002155,0.7970964,0.8,0.3,0.8,0.3892991,0.6002155,1.012549
58.24971,Table,0.1930026,0.3002155,0.7970964,0.8,0.3,0.8,0.4043794,0.6002155,1.021741
58.26136,Table,0.1930026,0.3002155,0.7970964,0.8,0.3,0.8,0.4091201,0.6002155,1.030462
58.27232,Table,0.1930026,0.3002155,0.7970964,0.8,0.3,0.8,0.3955863,0.6002155,1.022454
58.28358,Table,0.1930026,0.3002155,0.7970964,0.8,0.3,0.8,0.3913356,0.6002155,1.021233
58.29429,Table,0.1930026,0.3002155,0.7970964,0.8,0.3,0.8,0.3891619,0.6002155,1.017315
58.30578,Table,0.1930026,0.3002155,0.7970964,0.8,0.3,0.8,0.3974679,0.6002155,1.021649
58.3167,Table,0.1930026,0.3002155,0.7970964,0.8,0.3,0.8,0.3898462,0.6002155,1.020558
58.32771,Table,0.1930026,0.3002155,0.7970964,0.8,0.3,0.8,0.3922504,0.6002155,1.027372
58.33892,Table,0.1930026,0.3002155,0.7970964,0.8,0.3,0.8,0.3946099,0.6002155,1.028412
58.35006,Table,0.1930026,0.3002155,0.7970964,0.8,0.3,0.8,0.3939304,0.6002155,1.026581
58.36133,Table,0.1930026,0.3002155,0.7970964,0.8,0.3,0.8,0.3973921,0.6002155,1.027718
58.3723,Table,0.1930026,0.3002155,0.7970964,0.8,0.3,0.8,0.397436,0.6002155,1.025701
58.38332,Table,0.1930026,0.3002155,0.7970964,0.8,0.3,0.8,0.3971294,0.6002155,1.026189
58.39433,Table,0.1930026,0.3002155,0.7970964,0.8,0.3,0.8,0.3983853,0.6002155,1.027074
58.40561,Table,0.1930026,0.3002155,0.7970964,0.8,0.3,0.8,0.3981715,0.6002155,1.028283
58.41682,Table,0.1930026,0.3002155,0.7970964,0.8,0.3,0.8,0.398396,0.6002155,1.029111
58.42767,Table,0.1930026,0.3002155,0.7970964,0.8,0.3,0.8,0.402853,0.6002155,1.033071
58.43901,Table,0.1930026,0.3002155,0.7970964,0.8,0.3,0.8,0.4028698,0.6002155,1.033671
58.45005,Table,0.1930026,0.3002155,0.7970964,0.8,0.3,0.8,0.4031582,0.6002155,1.032762
58.46106,Table,0.1930026,0.3002155,0.7970964,0.8,0.3,0.8,0.4005878,0.6002155,1.030915
58.47229,Table,0.1930026,0.3002155,0.7970964,0.8,0.3,0.8,0.3980673,0.6002155,1.029355
58.48305,Table,0.1930026,0.3002155,0.7970964,0.8,0.3,0.8,0.395788,0.6002155,1.029791
58.4944,Table,0.1930026,0.3002155,0.7970964,0.8,0.3,0.8,0.3950003,0.6002155,1.02996
58.50555,Table,0.1930026,0.3002155,0.7970964,0.8,0.3,0.8,0.3947022,0.6002155,1.02976
58.51665,Table,0.1930026,0.3002155,0.7970964,0.8,0.3,0.8,0.3961553,0.6002155,1.032405
58.52762,Table,0.1930026,0.3002155,0.7970964,0.8,0.3,0.8,0.3963326,0.6002155,1.034283
58.5387,Table,0.1930026,0.3002155,0.7970964,0.8,0.3,0.8,0.3978053,0.6002155,1.037012
58.54997,Table,0.1930026,0.3002155,0.7970964,0.8,0.3,0.8,0.39856,0.6002155,1.036601
58.56089,Table,0.1930026,0.3002155,0.7970964,0.8,0.3,0.8,0.3977983,0.6002155,1.036421
58.57253,Table,0.1930026,0.3002155,0.7970964,0.8,0.3,0.8,0.3983766,0.6002155,1.035031
58.58367,Table,0.1930026,0.3002155,0.7970964,0.8,0.3,0.8,0.3985074,0.6002155,1.035262
58.59433,Table,0.1930026,0.3002155,0.7970964,0.8,0.3,0.8,0.3964208,0.6002155,1.032825
58.60546,Table,0.1930026,0.3002155,0.7970964,0.8,0.3,0.8,0.3967521,0.6002155,1.033155
58.61652,Table,0.1930026,0.3002155,0.7970964,0.8,0.3,0.8,0.3952584,0.6002155,1.032231
58.62757,Table,0.1930026,0.3002155,0.7970964,0.8,0.3,0.8,0.3952729,0.6002155,1.032032
58.63889,Table,0.1930026,0.3002155,0.7970964,0.8,0.3,0.8,0.3942814,0.6002155,1.031217
58.64987,Table,0.1930026,0.3002155,0.7970964,0.8,0.3,0.8,0.3951361,0.6002155,1.031593
58.66134,Table,0.1930026,0.3002155,0.7970964,0.8,0.3,0.8,0.3960341,0.6002155,1.032261
58.67226,Table,0.1930026,0.3002155,0.7970964,0.8,0.3,0.8,0.3968447,0.6002155,1.032012
58.68308,Table,0.1930026,0.3002155,0.7970964,0.8,0.3,0.8,0.3963213,0.6002155,1.031895
58.69429,Table,0.1930026,0.3002155,0.7970964,0.8,0.3,0.8,0.3900288,0.6002155,1.029517
58.70555,Table,0.1930026,0.3002155,0.7970964,0.8,0.3,0.8,0.3907773,0.6002155,1.030836
58.71645,Table,0.1930026,0.3002155,0.7970964,0.8,0.3,0.8,0.390458,0.6002155,1.031223
58.72775,Table,0.1930026,0.3002155,0.7970964,0.8,0.3,0.8,0.3891889,0.6002155,1.02992
58.73869,Table,0.1930026,0.3002155,0.7970964,0.8,0.3,0.8,0.3873242,0.6002155,1.0286
58.74976,Table,0.1930026,0.3002155,0.7970964,0.8,0.3,0.8,0.3867607,0.6002155,1.027612
58.76544,Table,0.1930026,0.3002155,0.7970964,0.8,0.3,0.8,0.387724,0.6002155,1.029065
58.77341,Table,0.1930026,0.3002155,0.7970964,0.8,0.3,0.8,0.3877414,0.6002155,1.027805
58.7809,Table,0.1930026,0.3002155,0.7970964,0.8,0.3,0.8,0.3858582,0.6002155,1.026516
58.79154,Table,0.1930026,0.3002155,0.7970964,0.8,0.3,0.8,0.3861951,0.6002155,1.027107
58.80251,Table,0.1930026,0.3002155,0.7970964,0.8,0.3,0.8,0.3875628,0.6002155,1.027359
58.81334,Table,0.1930026,0.3002155,0.7970964,0.8,0.3,0.8,0.3870439,0.6002155,1.026877
58.82505,Table,0.1930026,0.3002155,0.7970964,0.8,0.3,0.8,0.3872118,0.6002155,1.02642
58.83567,Table,0.1930026,0.3002155,0.7970964,0.8,0.3,0.8,0.3874297,0.6002155,1.02731
58.847,Table,0.1930026,0.3002155,0.7970964,0.8,0.3,0.8,0.3877242,0.6002155,1.028313
58.85791,Table,0.1930026,0.3002155,0.7970964,0.8,0.3,0.8,0.3873575,0.6002155,1.028026
58.86913,Table,0.1930026,0.3002155,0.7970964,0.8,0.3,0.8,0.3870389,0.6002155,1.028334
58.88074,Table,0.1930026,0.3002155,0.7970964,0.8,0.3,0.8,0.3868087,0.6002155,1.027115
58.89136,Table,0.1930026,0.3002155,0.7970964,0.8,0.3,0.8,0.3883688,0.6002155,1.02936
58.90232,Table,0.1930026,0.3002155,0.7970964,0.8,0.3,0.8,0.3887049,0.6002155,1.028457
58.91376,Table,0.1930026,0.3002155,0.7970964,0.8,0.3,0.8,0.3885173,0.6002155,1.029191
58.9248,Table,0.1930026,0.3002155,0.7970964,0.8,0.3,0.8,0.3888498,0.6002155,1.029309
58.93567,Table,0.1930026,0.3002155,0.7970964,0.8,0.3,0.8,0.3898132,0.6002155,1.029296
58.94699,Table,0.1930026,0.3002155,0.7970964,0.8,0.3,0.8,0.3893839,0.6002155,1.02727
58.95803,Table,0.1930026,0.3002155,0.7970964,0.8,0.3,0.8,0.3907855,0.6002155,1.026532
58.96917,Table,0.1930026,0.3002155,0.7970964,0.8,0.3,0.8,0.3917142,0.6002155,1.027361
58.98042,Table,0.1930026,0.3002155,0.7970964,0.8,0.3,0.8,0.3920909,0.6002155,1.026856
58.9915,Table,0.1930026,0.3002155,0.7970964,0.8,0.3,0.8,0.3926885,0.6002155,1.02585
59.00238,Table,0.1930026,0.3002155,0.7970964,0.8,0.3,0.8,0.3926488,0.6002155,1.027298
59.01363,Table,0.1930026,0.3002155,0.7970964,0.8,0.3,0.8,0.3926639,0.6002155,1.027344
59.02461,Table,0.1930026,0.3002155,0.7970964,0.8,0.3,0.8,0.3888271,0.6002155,1.023884
59.03614,Table,0.1930026,0.3002155,0.7970964,0.8,0.3,0.8,0.3918661,0.6002155,1.027393
59.04673,Table,0.1930026,0.3002155,0.7970964,0.8,0.3,0.8,0.3899563,0.6002155,1.024128
59.05796,Table,0.1930026,0.3002155,0.7970964,0.8,0.3,0.8,0.389103,0.6002155,1.022628
59.06898,Table,0.1930026,0.3002155,0.7970964,0.8,0.3,0.8,0.3877634,0.6002155,1.02187
59.08015,Table,0.1930026,0.3002155,0.7970964,0.8,0.3,0.8,0.3871103,0.6002155,1.021984
59.09148,Table,0.1930026,0.3002155,0.7970964,0.8,0.3,0.8,0.3869399,0.6002155,1.02248
59.10229,Table,0.1930026,0.3002155,0.7970964,0.8,0.3,0.8,0.3864889,0.6002155,1.021237
59.11338,Table,0.1930026,0.3002155,0.7970964,0.8,0.3,0.8,0.3863428,0.6002155,1.021668
59.12519,Table,0.1930026,0.3002155,0.7970964,0.8,0.3,0.8,0.3863458,0.6002155,1.020903
59.13649,Table,0.1930026,0.3002155,0.7970964,0.8,0.3,0.8,0.3855889,0.6002155,1.018352
59.14749,Table,0.1930026,0.3002155,0.7970964,0.8,0.3,0.8,0.3856861,0.6002155,1.018513
59.15884,Table,0.1930026,0.3002155,0.7970964,0.8,0.3,0.8,0.3958147,0.6002154,1.009473
59.16966,Table,0.1930026,0.3002155,0.7970964,0.8,0.3,0.8,0.4395697,0.6002154,0.8966098
59.18119,Table,0.1930026,0.3002155,0.7970964,0.8,0.3,0.8,0.4536118,0.6002155,0.8312331
59.19249,Hamburger,0.4570476,0.6002154,0.6982004,0.5,1,0.5,0.3895105,0.6692351,0.7159863
59.2039,Hamburger,0.4570476,0.6002154,0.6982004,0.5,1,0.5,0.4001053,0.6614931,0.6515182
59.21476,Hamburger,0.4570476,0.6002154,0.6982004,0.5,1,0.5,0.3982506,0.6615517,0.6539161
59.22627,Hamburger,0.4570476,0.6002154,0.6982004,0.5,1,0.5,0.3979037,0.6624176,0.6550125
59.23748,Hamburger,0.4570476,0.6002154,0.6982004,0.5,1,0.5,0.3878116,0.6556249,0.6671999
59.24869,Hamburger,0.4570476,0.6002154,0.6982004,0.5,1,0.5,0.3884239,0.6569601,0.6669696
59.25993,Hamburger,0.4570476,0.6002154,0.6982004,0.5,1,0.5,0.3913544,0.6585052,0.6623637
59.27154,Hamburger,0.4570476,0.6002154,0.6982004,0.5,1,0.5,0.3981207,0.6588055,0.6522626
59.28247,Hamburger,0.4570476,0.6002154,0.6982004,0.5,1,0.5,0.3982144,0.6583788,0.6518787
59.29406,Hamburger,0.4570476,0.6002154,0.6982004,0.5,1,0.5,0.3982883,0.6593646,0.6523998
59.30515,Hamburger,0.4570476,0.6002154,0.6982004,0.5,1,0.5,0.3976128,0.6579393,0.6523849
59.31609,Hamburger,0.4570476,0.6002154,0.6982004,0.5,1,0.5,0.3974344,0.6581383,0.6527376
59.32735,Hamburger,0.4570476,0.6002154,0.6982004,0.5,1,0.5,0.3958443,0.658594,0.6551993
59.33857,Hamburger,0.4570476,0.6002154,0.6982004,0.5,1,0.5,0.3964091,0.6585088,0.6543525
59.34966,Hamburger,0.4570476,0.6002154,0.6982004,0.5,1,0.5,0.3966934,0.6583868,0.6538843
59.36053,Hamburger,0.4570476,0.6002154,0.6982004,0.5,1,0.5,0.3970002,0.6592041,0.6539961
59.37193,Hamburger,0.4570476,0.6002154,0.6982004,0.5,1,0.5,0.3969264,0.658502,0.6536434
59.383,Hamburger,0.4570476,0.6002154,0.6982004,0.5,1,0.5,0.3967221,0.6587356,0.6540709
59.3942,Hamburger,0.4570476,0.6002154,0.6982004,0.5,1,0.5,0.3966925,0.6588144,0.6541638
59.40536,Hamburger,0.4570476,0.6002154,0.6982004,0.5,1,0.5,0.3965737,0.6592569,0.6546159
59.41633,Hamburger,0.4570476,0.6002154,0.6982004,0.5,1,0.5,0.3963869,0.6585855,0.6544324
59.42754,Hamburger,0.4570476,0.6002154,0.6982004,0.5,1,0.5,0.3972888,0.6588935,0.6534045
59.43844,Hamburger,0.4570476,0.6002154,0.6982004,0.5,1,0.5,0.3970423,0.6585161,0.6534935
59.44975,Hamburger,0.4570476,0.6002154,0.6982004,0.5,1,0.5,0.397431,0.6585163,0.6529767
59.46061,Hamburger,0.4570476,0.6002154,0.6982004,0.5,1,0.5,0.397546,0.6589617,0.6531079
59.47213,Hamburger,0.4570476,0.6002154,0.6982004,0.5,1,0.5,0.3978254,0.6593518,0.6529931
59.48277,Hamburger,0.4570476,0.6002154,0.6982004,0.5,1,0.5,0.3977886,0.6591704,0.6529263
59.49442,Hamburger,0.4570476,0.6002154,0.6982004,0.5,1,0.5,0.3979333,0.6589466,0.652593
59.50552,Hamburger,0.4570476,0.6002154,0.6982004,0.5,1,0.5,0.3977868,0.6585755,0.652548
59.51616,Hamburger,0.4570476,0.6002154,0.6982004,0.5,1,0.5,0.3976642,0.6582326,0.6524983
59.52735,Hamburger,0.4570476,0.6002154,0.6982004,0.5,1,0.5,0.3973412,0.6572298,0.6523156
59.53867,Hamburger,0.4570476,0.6002154,0.6982004,0.5,1,0.5,0.3980773,0.6577657,0.6516845
59.54946,Hamburger,0.4570476,0.6002154,0.6982004,0.5,1,0.5,0.3978954,0.6575653,0.6517984
59.5606,Hamburger,0.4570476,0.6002154,0.6982004,0.5,1,0.5,0.3975041,0.6570832,0.65202
59.5722,Hamburger,0.4570476,0.6002154,0.6982004,0.5,1,0.5,0.3971899,0.6565379,0.6521099
59.58273,Hamburger,0.4570476,0.6002154,0.6982004,0.5,1,0.5,0.3972832,0.6576337,0.6526312
59.59393,Hamburger,0.4570476,0.6002154,0.6982004,0.5,1,0.5,0.3966009,0.6563827,0.6527948
59.60532,Hamburger,0.4570476,0.6002154,0.6982004,0.5,1,0.5,0.3971165,0.656341,0.6520962
59.61606,Hamburger,0.4570476,0.6002154,0.6982004,0.5,1,0.5,0.3972301,0.6571995,0.6524391
59.62735,Hamburger,0.4570476,0.6002154,0.6982004,0.5,1,0.5,0.3979033,0.6579213,0.6519976
59.63839,Hamburger,0.4570476,0.6002154,0.6982004,0.5,1,0.5,0.3980227,0.6582183,0.6520302
59.64956,Hamburger,0.4570476,0.6002154,0.6982004,0.5,1,0.5,0.3979243,0.658586,0.6523775
59.66125,Hamburger,0.4570476,0.6002154,0.6982004,0.5,1,0.5,0.3973983,0.6593222,0.653539
59.6721,Hamburger,0.4570476,0.6002154,0.6982004,0.5,1,0.5,0.3972102,0.6595672,0.6539503
59.6828,Hamburger,0.4570476,0.6002154,0.6982004,0.5,1,0.5,0.3974221,0.6600381,0.6539809
59.69375,Hamburger,0.4570476,0.6002154,0.6982004,0.5,1,0.5,0.3969688,0.6602378,0.654732
59.70509,Hamburger,0.4570476,0.6002154,0.6982004,0.5,1,0.5,0.397324,0.6600054,0.6540895
59.7161,Hamburger,0.4570476,0.6002154,0.6982004,0.5,1,0.5,0.3975702,0.6592106,0.6532363
59.72706,Hamburger,0.4570476,0.6002154,0.6982004,0.5,1,0.5,0.3974779,0.6597837,0.6537329
59.73845,Hamburger,0.4570476,0.6002154,0.6982004,0.5,1,0.5,0.3976158,0.6586122,0.6527963
59.74934,Hamburger,0.4570476,0.6002154,0.6982004,0.5,1,0.5,0.3979744,0.6595974,0.6529539
61.95961,Table,0.1930026,0.3002155,0.7970964,0.8,0.3,0.8,0.1178042,0.6002155,0.6514254
61.97094,Table,0.1930026,0.3002155,0.7970964,0.8,0.3,0.8,0.09361083,0.6002155,0.6526691
61.98171,Table,0.1930026,0.3002155,0.7970964,0.8,0.3,0.8,0.08884687,0.6002155,0.6505568
61.9927,Table,0.1930026,0.3002155,0.7970964,0.8,0.3,0.8,0.1151613,0.6002155,0.6732814
62.0039,Table,0.1930026,0.3002155,0.7970964,0.8,0.3,0.8,0.1092484,0.6002155,0.6691234
62.01516,Table,0.1930026,0.3002155,0.7970964,0.8,0.3,0.8,0.1143974,0.6002155,0.6744193
62.02865,Table,0.1930026,0.3002155,0.7970964,0.8,0.3,0.8,0.144109,0.6002155,0.6712671
62.03955,Table,0.1930026,0.3002155,0.7970964,0.8,0.3,0.8,0.1337257,0.6002155,0.6694291
62.04736,Table,0.1930026,0.3002155,0.7970964,0.8,0.3,0.8,0.14474,0.6002155,0.6718392
62.0584,Table,0.1930026,0.3002155,0.7970964,0.8,0.3,0.8,0.1398358,0.6002155,0.667257
62.06821,Table,0.1930026,0.3002155,0.7970964,0.8,0.3,0.8,0.1277819,0.6002155,0.668167
62.07918,Table,0.1930026,0.3002155,0.7970964,0.8,0.3,0.8,0.1331231,0.6002155,0.6672555
62.09047,Table,0.1930026,0.3002155,0.7970964,0.8,0.3,0.8,0.142785,0.6002155,0.6669794
62.1017,Table,0.1930026,0.3002155,0.7970964,0.8,0.3,0.8,0.1532878,0.6002155,0.6752312
62.11275,Table,0.1930026,0.3002155,0.7970964,0.8,0.3,0.8,0.1615449,0.6002154,0.6805103
62.12375,Table,0.1930026,0.3002155,0.7970964,0.8,0.3,0.8,0.1474997,0.6002155,0.6719696
62.13498,Table,0.1930026,0.3002155,0.7970964,0.8,0.3,0.8,0.1487136,0.6002155,0.6775731
62.14588,Table,0.1930026,0.3002155,0.7970964,0.8,0.3,0.8,0.144664,0.6002155,0.6771682
62.15729,Table,0.1930026,0.3002155,0.7970964,0.8,0.3,0.8,0.143294,0.6002155,0.6722685
62.1687,Table,0.1930026,0.3002155,0.7970964,0.8,0.3,0.8,0.1428403,0.6002155,0.6721778
62.17933,Table,0.1930026,0.3002155,0.7970964,0.8,0.3,0.8,0.1458638,0.6002155,0.6731535
62.19058,Table,0.1930026,0.3002155,0.7970964,0.8,0.3,0.8,0.1481424,0.6002155,0.6796029
62.2019,Table,0.1930026,0.3002155,0.7970964,0.8,0.3,0.8,0.2096573,0.6002155,0.7704821
62.21251,Table,0.1930026,0.3002155,0.7970964,0.8,0.3,0.8,0.2961801,0.6002155,0.8852629
62.22374,Table,0.1930026,0.3002155,0.7970964,0.8,0.3,0.8,0.3605874,0.6002155,0.9676126
62.23486,Table,0.1930026,0.3002155,0.7970964,0.8,0.3,0.8,0.3556367,0.6002155,0.9585093
62.2459,Table,0.1930026,0.3002155,0.7970964,0.8,0.3,0.8,0.356119,0.6002155,0.9686762
62.25697,Table,0.1930026,0.3002155,0.7970964,0.8,0.3,0.8,0.3442238,0.6002155,0.9705115
62.26827,Table,0.1930026,0.3002155,0.7970964,0.8,0.3,0.8,0.3370546,0.6002155,0.9657091
62.27957,Table,0.1930026,0.3002155,0.7970964,0.8,0.3,0.8,0.3241793,0.6002155,0.9609222
62.29156,Table,0.1930026,0.3002155,0.7970964,0.8,0.3,0.8,0.3326221,0.6002155,0.9588764
62.30131,Table,0.1930026,0.3002155,0.7970964,0.8,0.3,0.8,0.3285472,0.6002155,0.9539894
62.3128,Table,0.1930026,0.3002155,0.7970964,0.8,0.3,0.8,0.3305416,0.6002155,0.9522835
62.32401,Table,0.1930026,0.3002155,0.7970964,0.8,0.3,0.8,0.3327409,0.6002155,0.9509847
62.33512,Table,0.1930026,0.3002155,0.7970964,0.8,0.3,0.8,0.3342099,0.6002155,0.9506224
62.3457,Table,0.1930026,0.3002155,0.7970964,0.8,0.3,0.8,0.3308488,0.6002155,0.9496297
62.35695,Table,0.1930026,0.3002155,0.7970964,0.8,0.3,0.8,0.3286369,0.6002155,0.9487394
62.36835,Table,0.1930026,0.3002155,0.7970964,0.8,0.3,0.8,0.3262916,0.6002155,0.9477149
62.37944,Table,0.1930026,0.3002155,0.7970964,0.8,0.3,0.8,0.3268867,0.6002155,0.9458203
62.39082,Table,0.1930026,0.3002155,0.7970964,0.8,0.3,0.8,0.3283322,0.6002155,0.9458742
62.40194,Table,0.1930026,0.3002155,0.7970964,0.8,0.3,0.8,0.3326926,0.6002155,0.9539988
62.41307,Table,0.1930026,0.3002155,0.7970964,0.8,0.3,0.8,0.3335881,0.6002155,0.9567536
62.4242,Table,0.1930026,0.3002155,0.7970964,0.8,0.3,0.8,0.3288366,0.6002155,0.9550259
62.43583,Table,0.1930026,0.3002155,0.7970964,0.8,0.3,0.8,0.3349248,0.6002155,0.9660512
62.44691,Table,0.1930026,0.3002155,0.7970964,0.8,0.3,0.8,0.3351093,0.6002154,0.9658117
62.45829,Table,0.1930026,0.3002155,0.7970964,0.8,0.3,0.8,0.3362753,0.6002155,0.9650875
62.46959,Table,0.1930026,0.3002155,0.7970964,0.8,0.3,0.8,0.3381606,0.6002155,0.9651785
62.48082,Table,0.1930026,0.3002155,0.7970964,0.8,0.3,0.8,0.338703,0.6002155,0.9671688
62.4918,Table,0.1930026,0.3002155,0.7970964,0.8,0.3,0.8,0.3436662,0.6002155,0.9695878
62.50367,Table,0.1930026,0.3002155,0.7970964,0.8,0.3,0.8,0.3467442,0.6002155,0.973673
62.51448,Table,0.1930026,0.3002155,0.7970964,0.8,0.3,0.8,0.3471585,0.6002155,0.9744489
62.52565,Table,0.1930026,0.3002155,0.7970964,0.8,0.3,0.8,0.3557667,0.6002155,0.984697
62.53717,Table,0.1930026,0.3002155,0.7970964,0.8,0.3,0.8,0.2917209,0.6002155,0.9584707
62.54827,Table,0.1930026,0.3002155,0.7970964,0.8,0.3,0.8,0.2351598,0.6002155,0.9628944
62.55943,Hamburger,0.09470463,0.6002154,0.9944357,0.5,1,0.5,0.1067364,0.6559318,0.9196429
62.57083,Hamburger,0.09470463,0.6002154,0.9944357,0.5,1,0.5,0.09834382,0.6594098,0.9200425
62.58147,Hamburger,0.09470463,0.6002154,0.9944357,0.5,1,0.5,0.1051843,0.6622822,0.9218978
62.5927,Hamburger,0.09470463,0.6002154,0.9944357,0.5,1,0.5,0.1067826,0.6591053,0.9208185
62.60418,Hamburger,0.09470463,0.6002154,0.9944357,0.5,1,0.5,0.110318,0.6577585,0.9209666
62.61515,Hamburger,0.09470463,0.6002154,0.9944357,0.5,1,0.5,0.1090614,0.6570135,0.9204348
62.62601,Hamburger,0.09470463,0.6002154,0.9944357,0.5,1,0.5,0.09952167,0.6602904,0.9204617
62.63729,Hamburger,0.09470463,0.6002154,0.9944357,0.5,1,0.5,0.0896177,0.6627482,0.9215264
62.64846,Hamburger,0.09470463,0.6002154,0.9944357,0.5,1,0.5,0.08751145,0.6625032,0.9215957
62.65929,Hamburger,0.09470463,0.6002154,0.9944357,0.5,1,0.5,0.08789381,0.663101,0.9218244
62.67051,Hamburger,0.09470463,0.6002154,0.9944357,0.5,1,0.5,0.08796987,0.6637529,0.922117
62.68171,Hamburger,0.09470463,0.6002154,0.9944357,0.5,1,0.5,0.08848038,0.664281,0.9223198
62.69286,Hamburger,0.09470463,0.6002154,0.9944357,0.5,1,0.5,0.08814129,0.6638104,0.9221292
62.70421,Hamburger,0.09470463,0.6002154,0.9944357,0.5,1,0.5,0.0880827,0.6634852,0.9219826
62.7147,Hamburger,0.09470463,0.6002154,0.9944357,0.5,1,0.5,0.08878604,0.6626102,0.9215279
62.72588,Hamburger,0.09470463,0.6002154,0.9944357,0.5,1,0.5,0.08927807,0.662173,0.9212966
62.73739,Hamburger,0.09470463,0.6002154,0.9944357,0.5,1,0.5,0.08884099,0.6611803,0.9209055
62.74837,Hamburger,0.09470463,0.6002154,0.9944357,0.5,1,0.5,0.08836553,0.6601456,0.9205162
62.75927,Hamburger,0.09470463,0.6002154,0.9944357,0.5,1,0.5,0.0882909,0.6594591,0.920247
62.77071,Hamburger,0.09470463,0.6002154,0.9944357,0.5,1,0.5,0.08900598,0.6578201,0.9195641
62.7815,Hamburger,0.09470463,0.6002154,0.9944357,0.5,1,0.5,0.08917633,0.6568007,0.919183
62.79283,Hamburger,0.09470463,0.6002154,0.9944357,0.5,1,0.5,0.08824381,0.6558877,0.9189394
62.80368,Hamburger,0.09470463,0.6002154,0.9944357,0.5,1,0.5,0.08843753,0.6554924,0.9187903
62.81461,Hamburger,0.09470463,0.6002154,0.9944357,0.5,1,0.5,0.08881614,0.6547884,0.9185303
62.82601,Hamburger,0.09470463,0.6002154,0.9944357,0.5,1,0.5,0.08662596,0.6461014,0.916445
62.83752,Table,0.1930026,0.3002155,0.7970964,0.8,0.3,0.8,0.1473066,0.6002155,0.9199068
62.84824,Table,0.1930026,0.3002155,0.7970964,0.8,0.3,0.8,0.1793786,0.6002155,0.8691713
62.85919,Table,0.1930026,0.3002155,0.7970964,0.8,0.3,0.8,0.1990264,0.6002155,0.8400082
62.87069,Table,0.1930026,0.3002155,0.7970964,0.8,0.3,0.8,0.1837807,0.6002155,0.8274806
62.88149,Table,0.1930026,0.3002155,0.7970964,0.8,0.3,0.8,0.1781031,0.6002155,0.8296088
62.8929,Table,0.1930026,0.3002155,0.7970964,0.8,0.3,0.8,0.1730303,0.6002155,0.8296208
62.9039,Table,0.1930026,0.3002155,0.7970964,0.8,0.3,0.8,0.1736207,0.6002155,0.8265346
62.91475,Table,0.1930026,0.3002155,0.7970964,0.8,0.3,0.8,0.1723284,0.6002155,0.8268064
62.92591,Table,0.1930026,0.3002155,0.7970964,0.8,0.3,0.8,0.1859915,0.6002155,0.8233916
62.9373,Table,0.1930026,0.3002155,0.7970964,0.8,0.3,0.8,0.1885096,0.6002155,0.8251646
62.94825,Table,0.1930026,0.3002155,0.7970964,0.8,0.3,0.8,0.1887676,0.6002155,0.8242328
62.95931,Table,0.1930026,0.3002155,0.7970964,0.8,0.3,0.8,0.1890188,0.6002155,0.8241958
62.97064,Table,0.1930026,0.3002155,0.7970964,0.8,0.3,0.8,0.1892647,0.6002155,0.8242213
62.9814,Table,0.1930026,0.3002155,0.7970964,0.8,0.3,0.8,0.1898218,0.6002155,0.8245523
62.9924,Table,0.1930026,0.3002155,0.7970964,0.8,0.3,0.8,0.189748,0.6002155,0.8241951
63.00371,Table,0.1930026,0.3002155,0.7970964,0.8,0.3,0.8,0.1890486,0.6002155,0.8241065
63.0147,Table,0.1930026,0.3002155,0.7970964,0.8,0.3,0.8,0.1882072,0.6002155,0.8243576
63.02627,Table,0.1930026,0.3002155,0.7970964,0.8,0.3,0.8,0.1899471,0.6002155,0.8251312
63.03727,Table,0.1930026,0.3002155,0.7970964,0.8,0.3,0.8,0.1915447,0.6002155,0.8281841
63.0479,Table,0.1930026,0.3002155,0.7970964,0.8,0.3,0.8,0.193474,0.6002155,0.8309504
63.05913,Table,0.1930026,0.3002155,0.7970964,0.8,0.3,0.8,0.1943856,0.6002155,0.8331047
63.07044,Table,0.1930026,0.3002155,0.7970964,0.8,0.3,0.8,0.1958007,0.6002155,0.8352956
63.08138,Table,0.1930026,0.3002155,0.7970964,0.8,0.3,0.8,0.1946062,0.6002155,0.8346017
63.09244,Table,0.1930026,0.3002155,0.7970964,0.8,0.3,0.8,0.1948622,0.6002155,0.8334973
63.10376,Table,0.1930026,0.3002155,0.7970964,0.8,0.3,0.8,0.2064499,0.6002155,0.8151933
63.11511,Table,0.1930026,0.3002155,0.7970964,0.8,0.3,0.8,0.2513931,0.6002155,0.7800182
63.12559,Table,0.1930026,0.3002155,0.7970964,0.8,0.3,0.8,0.2899892,0.6002155,0.7733323
63.13719,Table,0.1930026,0.3002155,0.7970964,0.8,0.3,0.8,0.2766657,0.6002155,0.7754895
63.14779,Table,0.1930026,0.3002155,0.7970964,0.8,0.3,0.8,0.2656758,0.6002155,0.7760497
63.15914,Table,0.1930026,0.3002155,0.7970964,0.8,0.3,0.8,0.2664516,0.6002155,0.7783962
63.17019,Table,0.1930026,0.3002155,0.7970964,0.8,0.3,0.8,0.2590792,0.6002155,0.7796602
63.18139,Table,0.1930026,0.3002155,0.7970964,0.8,0.3,0.8,0.2594519,0.6002155,0.781977
63.19248,Table,0.1930026,0.3002155,0.7970964,0.8,0.3,0.8,0.2714937,0.6002155,0.7765428
63.20378,Table,0.1930026,0.3002155,0.7970964,0.8,0.3,0.8,0.2703104,0.6002155,0.7745672
63.2145,Table,0.1930026,0.3002155,0.7970964,0.8,0.3,0.8,0.269225,0.6002155,0.7736942
63.22568,Table,0.1930026,0.3002155,0.7970964,0.8,0.3,0.8,0.2713531,0.6002155,0.7717899
63.23703,Table,0.1930026,0.3002155,0.7970964,0.8,0.3,0.8,0.2719983,0.6002155,0.7722669
63.24807,Table,0.1930026,0.3002155,0.7970964,0.8,0.3,0.8,0.2722904,0.6002155,0.7738299
63.25921,Table,0.1930026,0.3002155,0.7970964,0.8,0.3,0.8,0.2761684,0.6002155,0.7765765
63.27036,Table,0.1930026,0.3002155,0.7970964,0.8,0.3,0.8,0.2727971,0.6002155,0.7747308
63.28152,Table,0.1930026,0.3002155,0.7970964,0.8,0.3,0.8,0.2692727,0.6002155,0.7711371
63.29309,Table,0.1930026,0.3002155,0.7970964,0.8,0.3,0.8,0.2689176,0.6002155,0.7720653
63.30357,Table,0.1930026,0.3002155,0.7970964,0.8,0.3,0.8,0.2685769,0.6002155,0.7719057
63.31464,Table,0.1930026,0.3002155,0.7970964,0.8,0.3,0.8,0.2684385,0.6002155,0.7725421
63.3256,Table,0.1930026,0.3002155,0.7970964,0.8,0.3,0.8,0.2688383,0.6002155,0.7739261
63.33717,Table,0.1930026,0.3002155,0.7970964,0.8,0.3,0.8,0.267922,0.6002155,0.773304
63.34812,Table,0.1930026,0.3002155,0.7970964,0.8,0.3,0.8,0.2683277,0.6002155,0.7744335
63.35913,Table,0.1930026,0.3002155,0.7970964,0.8,0.3,0.8,0.2672179,0.6002155,0.7753358
63.37048,Table,0.1930026,0.3002155,0.7970964,0.8,0.3,0.8,0.2677869,0.6002155,0.7768276
63.38123,Table,0.1930026,0.3002155,0.7970964,0.8,0.3,0.8,0.2672035,0.6002155,0.7773446
63.39257,Table,0.1930026,0.3002155,0.7970964,0.8,0.3,0.8,0.2659524,0.6002155,0.7763173
63.40356,Table,0.1930026,0.3002155,0.7970964,0.8,0.3,0.8,0.2631643,0.6002155,0.7967175
63.41523,Table,0.1930026,0.3002155,0.7970964,0.8,0.3,0.8,0.2881849,0.6002155,0.8693177
63.42567,Table,0.1930026,0.3002155,0.7970964,0.8,0.3,0.8,0.331874,0.6002155,0.9503872
63.43712,Table,0.1930026,0.3002155,0.7970964,0.8,0.3,0.8,0.3419666,0.6002155,0.9474365
63.44794,Table,0.1930026,0.3002155,0.7970964,0.8,0.3,0.8,0.3519729,0.6002155,0.9516285
63.45935,Table,0.1930026,0.3002155,0.7970964,0.8,0.3,0.8,0.3474855,0.6002154,0.9600049
63.47012,Table,0.1930026,0.3002155,0.7970964,0.8,0.3,0.8,0.3508915,0.6002155,0.9689559
63.48109,Table,0.1930026,0.3002155,0.7970964,0.8,0.3,0.8,0.3511216,0.6002155,0.9688581
63.49251,Table,0.1930026,0.3002155,0.7970964,0.8,0.3,0.8,0.357738,0.6002155,0.9689107
63.50362,Table,0.1930026,0.3002155,0.7970964,0.8,0.3,0.8,0.3537652,0.6002155,0.9761658
63.51456,Table,0.1930026,0.3002155,0.7970964,0.8,0.3,0.8,0.3548443,0.6002154,0.9778537
63.52574,Table,0.1930026,0.3002155,0.7970964,0.8,0.3,0.8,0.3506929,0.6002155,0.9743208
63.53702,Table,0.1930026,0.3002155,0.7970964,0.8,0.3,0.8,0.3479391,0.6002154,0.9704681
63.54792,Table,0.1930026,0.3002155,0.7970964,0.8,0.3,0.8,0.3484395,0.6002155,0.970419
63.55894,Table,0.1930026,0.3002155,0.7970964,0.8,0.3,0.8,0.348245,0.6002155,0.9703708
63.57072,Table,0.1930026,0.3002155,0.7970964,0.8,0.3,0.8,0.3474513,0.6002155,0.9682852
63.5811,Table,0.1930026,0.3002155,0.7970964,0.8,0.3,0.8,0.3470787,0.6002155,0.9668493
63.59221,Table,0.1930026,0.3002155,0.7970964,0.8,0.3,0.8,0.3460748,0.6002155,0.9649862
63.60368,Table,0.1930026,0.3002155,0.7970964,0.8,0.3,0.8,0.3448268,0.6002155,0.9660843
63.61477,Table,0.1930026,0.3002155,0.7970964,0.8,0.3,0.8,0.3449945,0.6002155,0.9645222
63.62587,Table,0.1930026,0.3002155,0.7970964,0.8,0.3,0.8,0.3436779,0.6002155,0.9619246
63.63706,Table,0.1930026,0.3002155,0.7970964,0.8,0.3,0.8,0.3345474,0.6002155,0.955246
63.64777,Table,0.1930026,0.3002155,0.7970964,0.8,0.3,0.8,0.3014589,0.6002155,0.9214061
63.65896,Table,0.1930026,0.3002155,0.7970964,0.8,0.3,0.8,0.2146728,0.6002155,0.8294695
63.6707,Table,0.1930026,0.3002155,0.7970964,0.8,0.3,0.8,0.1315645,0.6002155,0.708162
63.6809,Table,0.1930026,0.3002155,0.7970964,0.8,0.3,0.8,0.1255285,0.6002155,0.7025285
63.69238,Table,0.1930026,0.3002155,0.7970964,0.8,0.3,0.8,0.1359384,0.6002155,0.7000734
63.70341,Table,0.1930026,0.3002155,0.7970964,0.8,0.3,0.8,0.1355178,0.6002155,0.6970374
63.71452,Table,0.1930026,0.3002155,0.7970964,0.8,0.3,0.8,0.1366123,0.6002155,0.6972642
63.72561,Table,0.1930026,0.3002155,0.7970964,0.8,0.3,0.8,0.134021,0.6002155,0.6972471
63.7369,Table,0.1930026,0.3002155,0.7970964,0.8,0.3,0.8,0.1254442,0.6002155,0.6985294
63.74773,Table,0.1930026,0.3002155,0.7970964,0.8,0.3,0.8,0.1119728,0.6002155,0.7007247
63.75877,Table,0.1930026,0.3002155,0.7970964,0.8,0.3,0.8,0.1104686,0.6002155,0.6994844
63.77011,Table,0.1930026,0.3002155,0.7970964,0.8,0.3,0.8,0.1102842,0.6002155,0.6998525
63.78099,Table,0.1930026,0.3002155,0.7970964,0.8,0.3,0.8,0.1106662,0.6002155,0.6987006
63.79227,Table,0.1930026,0.3002155,0.7970964,0.8,0.3,0.8,0.1124088,0.6002155,0.6976208
63.80333,Table,0.1930026,0.3002155,0.7970964,0.8,0.3,0.8,0.1128722,0.6002155,0.6967933
63.81443,Table,0.1930026,0.3002155,0.7970964,0.8,0.3,0.8,0.1126134,0.6002155,0.6975697
63.82541,Table,0.1930026,0.3002155,0.7970964,0.8,0.3,0.8,0.1143133,0.6002155,0.6996475
63.8368,Table,0.1930026,0.3002155,0.7970964,0.8,0.3,0.8,0.11416,0.6002155,0.7019489
63.84793,Table,0.1930026,0.3002155,0.7970964,0.8,0.3,0.8,0.114539,0.6002155,0.703853
63.85862,Table,0.1930026,0.3002155,0.7970964,0.8,0.3,0.8,0.1192522,0.6002155,0.7019333
63.87008,Table,0.1930026,0.3002155,0.7970964,0.8,0.3,0.8,0.1195055,0.6002155,0.7005869
63.88123,Table,0.1930026,0.3002155,0.7970964,0.8,0.3,0.8,0.1177495,0.6002155,0.6992956
63.89222,Table,0.1930026,0.3002155,0.7970964,0.8,0.3,0.8,0.1162194,0.6002155,0.6989831
63.9032,Table,0.1930026,0.3002155,0.7970964,0.8,0.3,0.8,0.1166193,0.6002155,0.6985625
63.91408,Table,0.1930026,0.3002155,0.7970964,0.8,0.3,0.8,0.1215441,0.6002155,0.7054101
63.92525,Table,0.1930026,0.3002155,0.7970964,0.8,0.3,0.8,0.1207322,0.6002155,0.7477997
63.93679,Table,0.1930026,0.3002155,0.7970964,0.8,0.3,0.8,0.1491998,0.6002155,0.8948299
63.94779,Hamburger,0.09470463,0.6002154,0.9944357,0.5,1,0.5,0.1406384,0.615202,0.9306805
63.95876,Hamburger,0.09470463,0.6002154,0.9944357,0.5,1,0.5,0.1092883,0.640477,0.9164486
63.96986,Hamburger,0.09470463,0.6002154,0.9944357,0.5,1,0.5,0.1392138,0.6442511,0.9294586
63.98101,Hamburger,0.09470463,0.6002154,0.9944357,0.5,1,0.5,0.134763,0.6408548,0.9260081
63.99205,Hamburger,0.09470463,0.6002154,0.9944357,0.5,1,0.5,0.1362832,0.6322687,0.9261202
64.00324,Hamburger,0.09470463,0.6002154,0.9944357,0.5,1,0.5,0.140509,0.6304187,0.9288457
64.0143,Table,0.1930026,0.3002155,0.7970964,0.8,0.3,0.8,0.1810981,0.6002155,0.9802958
64.02551,Table,0.1930026,0.3002155,0.7970964,0.8,0.3,0.8,0.187518,0.6002155,0.9787716
64.0369,Table,0.1930026,0.3002155,0.7970964,0.8,0.3,0.8,0.1836348,0.6002155,0.9791496
64.04756,Hamburger,0.09470463,0.6002154,0.9944357,0.5,1,0.5,0.1546927,0.6243654,0.9418314
64.05875,Hamburger,0.09470463,0.6002154,0.9944357,0.5,1,0.5,0.1384597,0.634042,0.9275705
64.06984,Hamburger,0.09470463,0.6002154,0.9944357,0.5,1,0.5,0.1306206,0.6360579,0.923189
64.08096,Hamburger,0.09470463,0.6002154,0.9944357,0.5,1,0.5,0.1271488,0.6372542,0.9216493
64.09233,Hamburger,0.09470463,0.6002154,0.9944357,0.5,1,0.5,0.1300807,0.6384436,0.9231542
64.10342,Hamburger,0.09470463,0.6002154,0.9944357,0.5,1,0.5,0.1409782,0.637012,0.9295305
64.1142,Hamburger,0.09470463,0.6002154,0.9944357,0.5,1,0.5,0.1450824,0.6363057,0.9325891
64.12519,Hamburger,0.09470463,0.6002154,0.9944357,0.5,1,0.5,0.1496885,0.6324746,0.93637
64.13644,Hamburger,0.09470463,0.6002154,0.9944357,0.5,1,0.5,0.1479983,0.6363023,0.9350836
64.14745,Hamburger,0.09470463,0.6002154,0.9944357,0.5,1,0.5,0.1516738,0.6346774,0.938446
64.15868,Hamburger,0.09470463,0.6002154,0.9944357,0.5,1,0.5,0.1515231,0.6361335,0.9384292
64.16974,Hamburger,0.09470463,0.6002154,0.9944357,0.5,1,0.5,0.1552243,0.6320265,0.9421436
64.18089,Table,0.1930026,0.3002155,0.7970964,0.8,0.3,0.8,0.1903862,0.6002154,0.9924448
64.19213,Table,0.1930026,0.3002155,0.7970964,0.8,0.3,0.8,0.2076182,0.6002155,0.8947933
64.2033,Table,0.1930026,0.3002155,0.7970964,0.8,0.3,0.8,0.2431909,0.6002155,0.8647556
64.2141,Table,0.1930026,0.3002155,0.7970964,0.8,0.3,0.8,0.2757421,0.6002155,0.8552101
64.2252,Table,0.1930026,0.3002155,0.7970964,0.8,0.3,0.8,0.2800004,0.6002155,0.8328351
64.23654,Table,0.1930026,0.3002155,0.7970964,0.8,0.3,0.8,0.2794613,0.6002155,0.8410276
64.24751,Table,0.1930026,0.3002155,0.7970964,0.8,0.3,0.8,0.2715642,0.6002155,0.840875
64.25945,Table,0.1930026,0.3002155,0.7970964,0.8,0.3,0.8,0.2654773,0.6002155,0.8483908
64.27011,Table,0.1930026,0.3002155,0.7970964,0.8,0.3,0.8,0.2593422,0.6002155,0.8466556
64.28093,Table,0.1930026,0.3002155,0.7970964,0.8,0.3,0.8,0.2652191,0.6002155,0.8495382
64.29236,Table,0.1930026,0.3002155,0.7970964,0.8,0.3,0.8,0.2704816,0.6002155,0.8381772
64.30314,Table,0.1930026,0.3002155,0.7970964,0.8,0.3,0.8,0.2739275,0.6002155,0.8386856
64.31413,Table,0.1930026,0.3002155,0.7970964,0.8,0.3,0.8,0.2750759,0.6002155,0.8407749
64.32528,Table,0.1930026,0.3002155,0.7970964,0.8,0.3,0.8,0.2743011,0.6002155,0.8424171
64.3365,Table,0.1930026,0.3002155,0.7970964,0.8,0.3,0.8,0.273678,0.6002155,0.8433861
64.34763,Table,0.1930026,0.3002155,0.7970964,0.8,0.3,0.8,0.2744429,0.6002155,0.8452583
64.35864,Table,0.1930026,0.3002155,0.7970964,0.8,0.3,0.8,0.2756842,0.6002155,0.8452989
64.36977,Table,0.1930026,0.3002155,0.7970964,0.8,0.3,0.8,0.2710288,0.6002155,0.8389413
64.38075,Table,0.1930026,0.3002155,0.7970964,0.8,0.3,0.8,0.2693962,0.6002155,0.838182
64.39232,Table,0.1930026,0.3002155,0.7970964,0.8,0.3,0.8,0.2673258,0.6002155,0.8374312
64.40347,Table,0.1930026,0.3002155,0.7970964,0.8,0.3,0.8,0.2649346,0.6002155,0.8371498
64.41406,Table,0.1930026,0.3002155,0.7970964,0.8,0.3,0.8,0.2634018,0.6002155,0.8360263
64.42539,Table,0.1930026,0.3002155,0.7970964,0.8,0.3,0.8,0.2610841,0.6002155,0.8363312
64.43642,Table,0.1930026,0.3002155,0.7970964,0.8,0.3,0.8,0.2587092,0.6002155,0.8343434
64.44771,Table,0.1930026,0.3002155,0.7970964,0.8,0.3,0.8,0.2567971,0.6002155,0.8325333
64.4587,Table,0.1930026,0.3002155,0.7970964,0.8,0.3,0.8,0.2587754,0.6002155,0.8310813
64.46983,Table,0.1930026,0.3002155,0.7970964,0.8,0.3,0.8,0.2618655,0.6002155,0.8222409
64.48088,Table,0.1930026,0.3002155,0.7970964,0.8,0.3,0.8,0.2643248,0.6002155,0.8268907
64.49249,Table,0.1930026,0.3002155,0.7970964,0.8,0.3,0.8,0.2293338,0.6002155,0.837968
64.50356,Table,0.1930026,0.3002155,0.7970964,0.8,0.3,0.8,0.2140061,0.6002155,0.8945534
64.51447,Table,0.1930026,0.3002155,0.7970964,0.8,0.3,0.8,0.2071022,0.6002155,0.949105
64.5254,Hamburger,0.09470463,0.6002154,0.9944357,0.5,1,0.5,0.1502421,0.6436372,0.9384403
64.5367,Table,0.1930026,0.3002155,0.7970964,0.8,0.3,0.8,0.2064041,0.6002155,1.020952
64.54752,Table,0.1930026,0.3002155,0.7970964,0.8,0.3,0.8,0.2264883,0.6002155,1.012923
64.56316,Table,0.1930026,0.3002155,0.7970964,0.8,0.3,0.8,0.2317163,0.6002155,0.9946454
64.57123,Table,0.1930026,0.3002155,0.7970964,0.8,0.3,0.8,0.2336551,0.6002155,0.9984737
64.57961,Table,0.1930026,0.3002155,0.7970964,0.8,0.3,0.8,0.2323099,0.6002155,0.9940157
64.58919,Table,0.1930026,0.3002155,0.7970964,0.8,0.3,0.8,0.2299175,0.6002155,0.9978768
64.6002,Table,0.1930026,0.3002155,0.7970964,0.8,0.3,0.8,0.213007,0.6002155,1.013546
64.61161,Table,0.1930026,0.3002155,0.7970964,0.8,0.3,0.8,0.2099951,0.6002155,1.014374
64.62255,Table,0.1930026,0.3002155,0.7970964,0.8,0.3,0.8,0.2068634,0.6002155,1.014722
64.63361,Table,0.1930026,0.3002155,0.7970964,0.8,0.3,0.8,0.2092053,0.6002155,1.016409
64.64497,Table,0.1930026,0.3002155,0.7970964,0.8,0.3,0.8,0.2090616,0.6002155,1.015888
64.6566,Table,0.1930026,0.3002155,0.7970964,0.8,0.3,0.8,0.2086861,0.6002155,1.016033
64.66689,Table,0.1930026,0.3002155,0.7970964,0.8,0.3,0.8,0.2088871,0.6002155,1.015325
64.67798,Table,0.1930026,0.3002155,0.7970964,0.8,0.3,0.8,0.2084389,0.6002155,1.015204
64.68922,Table,0.1930026,0.3002155,0.7970964,0.8,0.3,0.8,0.2085697,0.6002155,1.013291
64.70019,Table,0.1930026,0.3002155,0.7970964,0.8,0.3,0.8,0.2077672,0.6002155,1.012381
64.71136,Table,0.1930026,0.3002155,0.7970964,0.8,0.3,0.8,0.2097834,0.6002155,1.011009
64.7225,Table,0.1930026,0.3002155,0.7970964,0.8,0.3,0.8,0.2094148,0.6002155,1.010821
64.7336,Table,0.1930026,0.3002155,0.7970964,0.8,0.3,0.8,0.2082617,0.6002155,1.009612
64.7446,Table,0.1930026,0.3002155,0.7970964,0.8,0.3,0.8,0.2060015,0.6002155,1.007259
64.75599,Table,0.1930026,0.3002155,0.7970964,0.8,0.3,0.8,0.2045849,0.6002155,1.006893
64.76678,Table,0.1930026,0.3002155,0.7970964,0.8,0.3,0.8,0.2036306,0.6002155,1.006384
64.77802,Table,0.1930026,0.3002155,0.7970964,0.8,0.3,0.8,0.2030583,0.6002155,1.006748
64.78899,Table,0.1930026,0.3002155,0.7970964,0.8,0.3,0.8,0.2028612,0.6002155,1.007473
64.80013,Table,0.1930026,0.3002155,0.7970964,0.8,0.3,0.8,0.2025588,0.6002155,1.007157
64.81151,Table,0.1930026,0.3002155,0.7970964,0.8,0.3,0.8,0.2018626,0.6002155,1.008389
64.82262,Table,0.1930026,0.3002155,0.7970964,0.8,0.3,0.8,0.2013583,0.6002155,1.008666
64.83407,Table,0.1930026,0.3002155,0.7970964,0.8,0.3,0.8,0.199699,0.6002155,1.005321
64.84441,Table,0.1930026,0.3002155,0.7970964,0.8,0.3,0.8,0.1992199,0.6002155,1.004201
64.85611,Table,0.1930026,0.3002155,0.7970964,0.8,0.3,0.8,0.1991471,0.6002155,1.004117
64.86695,Table,0.1930026,0.3002155,0.7970964,0.8,0.3,0.8,0.2016234,0.6002154,1.006235
64.87846,Table,0.1930026,0.3002155,0.7970964,0.8,0.3,0.8,0.2033769,0.6002155,1.010524
64.88902,Table,0.1930026,0.3002155,0.7970964,0.8,0.3,0.8,0.2054704,0.6002155,1.011944
64.9002,Table,0.1930026,0.3002155,0.7970964,0.8,0.3,0.8,0.2091225,0.6002155,1.012783
64.91138,Table,0.1930026,0.3002155,0.7970964,0.8,0.3,0.8,0.2103268,0.6002155,1.013878
64.92249,Table,0.1930026,0.3002155,0.7970964,0.8,0.3,0.8,0.211989,0.6002155,1.016281
64.93369,Table,0.1930026,0.3002155,0.7970964,0.8,0.3,0.8,0.2126539,0.6002155,1.016802
64.94551,Table,0.1930026,0.3002155,0.7970964,0.8,0.3,0.8,0.2046747,0.6002155,1.000229
64.95621,Hamburger,0.09470463,0.6002154,0.9944357,0.5,1,0.5,0.1365956,0.6632424,0.9348159
64.9681,Hamburger,0.09470463,0.6002154,0.9944357,0.5,1,0.5,0.127823,0.6704571,0.9337399
64.97884,Hamburger,0.09470463,0.6002154,0.9944357,0.5,1,0.5,0.1330656,0.6698585,0.9364962
64.99006,Hamburger,0.09470463,0.6002154,0.9944357,0.5,1,0.5,0.1347375,0.6684014,0.9366463
65.00143,Hamburger,0.09470463,0.6002154,0.9944357,0.5,1,0.5,0.1403365,0.6684296,0.9409818
65.01271,Hamburger,0.09470463,0.6002154,0.9944357,0.5,1,0.5,0.1397481,0.6691067,0.9409671
65.02377,Hamburger,0.09470463,0.6002154,0.9944357,0.5,1,0.5,0.13763,0.6695247,0.9395515
65.03568,Hamburger,0.09470463,0.6002154,0.9944357,0.5,1,0.5,0.1353611,0.6703058,0.9384017
65.04659,Hamburger,0.09470463,0.6002154,0.9944357,0.5,1,0.5,0.1365609,0.6709378,0.9397554
65.05757,Hamburger,0.09470463,0.6002154,0.9944357,0.5,1,0.5,0.138325,0.6707818,0.9410341
65.06921,Hamburger,0.09470463,0.6002154,0.9944357,0.5,1,0.5,0.1385681,0.671085,0.9414654
65.08006,Hamburger,0.09470463,0.6002154,0.9944357,0.5,1,0.5,0.1377737,0.6721854,0.9416746
65.09148,Hamburger,0.09470463,0.6002154,0.9944357,0.5,1,0.5,0.1397452,0.6719084,0.9431195
65.10291,Hamburger,0.09470463,0.6002154,0.9944357,0.5,1,0.5,0.1519444,0.6608337,0.9476755
65.11388,Table,0.1930026,0.3002155,0.7970964,0.8,0.3,0.8,0.2446254,0.6002155,1.016531
65.12502,Table,0.1930026,0.3002155,0.7970964,0.8,0.3,0.8,0.2756088,0.6002154,0.9907887
65.13632,Table,0.1930026,0.3002155,0.7970964,0.8,0.3,0.8,0.3609458,0.6002155,1.004205
65.14729,Table,0.1930026,0.3002155,0.7970964,0.8,0.3,0.8,0.3638046,0.6002155,0.9972875
65.15818,Table,0.1930026,0.3002155,0.7970964,0.8,0.3,0.8,0.3608709,0.6002155,1.009655
65.16944,Table,0.1930026,0.3002155,0.7970964,0.8,0.3,0.8,0.3560919,0.6002155,1.019114
65.18035,Table,0.1930026,0.3002155,0.7970964,0.8,0.3,0.8,0.3587403,0.6002155,1.032259
65.19157,Table,0.1930026,0.3002155,0.7970964,0.8,0.3,0.8,0.3488167,0.6002154,1.042111
65.20281,Table,0.1930026,0.3002155,0.7970964,0.8,0.3,0.8,0.3581756,0.6002155,1.025345
65.21384,Table,0.1930026,0.3002155,0.7970964,0.8,0.3,0.8,0.359944,0.6002155,1.023826
65.22491,Table,0.1930026,0.3002155,0.7970964,0.8,0.3,0.8,0.3599568,0.6002155,1.023797
65.23626,Table,0.1930026,0.3002155,0.7970964,0.8,0.3,0.8,0.3604888,0.6002155,1.026508
65.24715,Table,0.1930026,0.3002155,0.7970964,0.8,0.3,0.8,0.3608854,0.6002155,1.026787
65.25826,Table,0.1930026,0.3002155,0.7970964,0.8,0.3,0.8,0.3582172,0.6002155,1.024921
65.26983,Table,0.1930026,0.3002155,0.7970964,0.8,0.3,0.8,0.3566524,0.6002155,1.026667
65.28082,Table,0.1930026,0.3002155,0.7970964,0.8,0.3,0.8,0.3514615,0.6002155,1.022506
65.2916,Table,0.1930026,0.3002155,0.7970964,0.8,0.3,0.8,0.3453177,0.6002155,1.016396
65.30306,Table,0.1930026,0.3002155,0.7970964,0.8,0.3,0.8,0.3455256,0.6002155,1.015504
65.31365,Table,0.1930026,0.3002155,0.7970964,0.8,0.3,0.8,0.344953,0.6002155,1.015414
65.32475,Table,0.1930026,0.3002155,0.7970964,0.8,0.3,0.8,0.345521,0.6002154,1.015238
65.33624,Table,0.1930026,0.3002155,0.7970964,0.8,0.3,0.8,0.3438554,0.6002155,1.01487
65.3474,Table,0.1930026,0.3002155,0.7970964,0.8,0.3,0.8,0.343362,0.6002155,1.014477
65.35802,Table,0.1930026,0.3002155,0.7970964,0.8,0.3,0.8,0.3427288,0.6002155,1.013156
65.36959,Table,0.1930026,0.3002155,0.7970964,0.8,0.3,0.8,0.3425878,0.6002154,1.013961
65.38038,Table,0.1930026,0.3002155,0.7970964,0.8,0.3,0.8,0.3423541,0.6002155,1.0128
65.39159,Table,0.1930026,0.3002155,0.7970964,0.8,0.3,0.8,0.3397075,0.6002155,1.009804
65.40286,Table,0.1930026,0.3002155,0.7970964,0.8,0.3,0.8,0.3391066,0.6002155,1.008099
65.41399,Table,0.1930026,0.3002155,0.7970964,0.8,0.3,0.8,0.3389418,0.6002155,1.009078
65.42474,Table,0.1930026,0.3002155,0.7970964,0.8,0.3,0.8,0.337978,0.6002155,1.008609
65.43666,Table,0.1930026,0.3002155,0.7970964,0.8,0.3,0.8,0.3369216,0.6002155,0.9845445
65.44746,Table,0.1930026,0.3002155,0.7970964,0.8,0.3,0.8,0.3196504,0.6002155,0.8892629
65.4584,Table,0.1930026,0.3002155,0.7970964,0.8,0.3,0.8,0.2999858,0.6002155,0.8235192
65.46941,Table,0.1930026,0.3002155,0.7970964,0.8,0.3,0.8,0.2494689,0.6002155,0.7767491
65.48058,Table,0.1930026,0.3002155,0.7970964,0.8,0.3,0.8,0.2429092,0.6002155,0.7763769
65.49165,Table,0.1930026,0.3002155,0.7970964,0.8,0.3,0.8,0.2427973,0.6002155,0.7740978
65.50307,Table,0.1930026,0.3002155,0.7970964,0.8,0.3,0.8,0.2458269,0.6002155,0.7780309
65.51376,Table,0.1930026,0.3002155,0.7970964,0.8,0.3,0.8,0.2510975,0.6002155,0.7823997
65.52487,Table,0.1930026,0.3002155,0.7970964,0.8,0.3,0.8,0.2714198,0.6002155,0.778403
65.53631,Table,0.1930026,0.3002155,0.7970964,0.8,0.3,0.8,0.2764993,0.6002155,0.7776421
65.5475,Table,0.1930026,0.3002155,0.7970964,0.8,0.3,0.8,0.2763883,0.6002155,0.7787656
65.55797,Table,0.1930026,0.3002155,0.7970964,0.8,0.3,0.8,0.2751575,0.6002155,0.7805997
65.56946,Table,0.1930026,0.3002155,0.7970964,0.8,0.3,0.8,0.2777777,0.6002154,0.7811099
65.58051,Table,0.1930026,0.3002155,0.7970964,0.8,0.3,0.8,0.2793602,0.6002155,0.7799885
65.59189,Table,0.1930026,0.3002155,0.7970964,0.8,0.3,0.8,0.2810045,0.6002155,0.7796503
65.60263,Table,0.1930026,0.3002155,0.7970964,0.8,0.3,0.8,0.2722385,0.6002155,0.7816925
65.61401,Table,0.1930026,0.3002155,0.7970964,0.8,0.3,0.8,0.2397715,0.6002155,0.8301993
65.62457,Table,0.1930026,0.3002155,0.7970964,0.8,0.3,0.8,0.2076406,0.6002155,0.8996754
65.63614,Hamburger,0.09470463,0.6002154,0.9944357,0.5,1,0.5,0.09280911,0.6622976,0.9211758
65.64727,Hamburger,0.09470463,0.6002154,0.9944357,0.5,1,0.5,0.08295587,0.6767469,0.9304304
65.65799,Hamburger,0.09470463,0.6002154,0.9944357,0.5,1,0.5,0.08945993,0.6852261,0.9365872
65.66961,Hamburger,0.09470463,0.6002154,0.9944357,0.5,1,0.5,0.08219346,0.6775751,0.9311858
65.68019,Hamburger,0.09470463,0.6002154,0.9944357,0.5,1,0.5,0.1047826,0.6797202,0.9324058
65.69117,Hamburger,0.09470463,0.6002154,0.9944357,0.5,1,0.5,0.09751484,0.6784096,0.9306445
65.70274,Hamburger,0.09470463,0.6002154,0.9944357,0.5,1,0.5,0.09557602,0.6815295,0.9330666
65.71337,Hamburger,0.09470463,0.6002154,0.9944357,0.5,1,0.5,0.08313259,0.6791289,0.932198
65.72464,Hamburger,0.09470463,0.6002154,0.9944357,0.5,1,0.5,0.08376214,0.6785343,0.9316198
65.73596,Hamburger,0.09470463,0.6002154,0.9944357,0.5,1,0.5,0.08278492,0.6784625,0.9317428
65.74702,Hamburger,0.09470463,0.6002154,0.9944357,0.5,1,0.5,0.08264688,0.6795624,0.9326333
65.7579,Hamburger,0.09470463,0.6002154,0.9944357,0.5,1,0.5,0.08263239,0.6806396,0.9335133
65.76945,Hamburger,0.09470463,0.6002154,0.9944357,0.5,1,0.5,0.08145741,0.6807851,0.9338772
65.78012,Hamburger,0.09470463,0.6002154,0.9944357,0.5,1,0.5,0.08161655,0.6807303,0.9337964
65.79157,Hamburger,0.09470463,0.6002154,0.9944357,0.5,1,0.5,0.08213684,0.6814892,0.9343281
65.80272,Hamburger,0.09470463,0.6002154,0.9944357,0.5,1,0.5,0.08374676,0.6823576,0.9347596
65.81376,Hamburger,0.09470463,0.6002154,0.9944357,0.5,1,0.5,0.0835751,0.6826496,0.9350487
65.82452,Hamburger,0.09470463,0.6002154,0.9944357,0.5,1,0.5,0.08469465,0.6816222,0.9339581
65.83595,Hamburger,0.09470463,0.6002154,0.9944357,0.5,1,0.5,0.08566543,0.6822159,0.9343157
65.84689,Hamburger,0.09470463,0.6002154,0.9944357,0.5,1,0.5,0.08563462,0.6827822,0.9348137
65.85809,Hamburger,0.09470463,0.6002154,0.9944357,0.5,1,0.5,0.08517,0.6832083,0.9352654
65.8695,Hamburger,0.09470463,0.6002154,0.9944357,0.5,1,0.5,0.08632472,0.6831999,0.9350852
65.88025,Hamburger,0.09470463,0.6002154,0.9944357,0.5,1,0.5,0.08577463,0.682838,0.9348441
65.89122,Hamburger,0.09470463,0.6002154,0.9944357,0.5,1,0.5,0.08572266,0.683264,0.935231
65.90302,Hamburger,0.09470463,0.6002154,0.9944357,0.5,1,0.5,0.08525679,0.682046,0.9342328
65.91352,Hamburger,0.09470463,0.6002154,0.9944357,0.5,1,0.5,0.0885444,0.6823916,0.9341042
65.92455,Hamburger,0.09470463,0.6002154,0.9944357,0.5,1,0.5,0.0892916,0.6822861,0.9339417
65.93589,Hamburger,0.09470463,0.6002154,0.9944357,0.5,1,0.5,0.09085414,0.6818663,0.9334661
65.94689,Hamburger,0.09470463,0.6002154,0.9944357,0.5,1,0.5,0.09144613,0.6818751,0.9334382
65.95827,Hamburger,0.09470463,0.6002154,0.9944357,0.5,1,0.5,0.09254751,0.6819026,0.9334121
65.96926,Hamburger,0.09470463,0.6002154,0.9944357,0.5,1,0.5,0.08695337,0.6754131,0.9288833
65.98011,Table,0.1930026,0.3002155,0.7970964,0.8,0.3,0.8,0.1825834,0.6002155,0.9693329
65.99126,Table,0.1930026,0.3002155,0.7970964,0.8,0.3,0.8,0.2230784,0.6002155,0.9405451
66.00283,Table,0.1930026,0.3002155,0.7970964,0.8,0.3,0.8,0.3295696,0.6002155,0.844582
66.01344,Table,0.1930026,0.3002155,0.7970964,0.8,0.3,0.8,0.2780724,0.6002155,0.7597206
66.02447,Table,0.1930026,0.3002155,0.7970964,0.8,0.3,0.8,0.2976942,0.6002155,0.7461798
66.0359,Table,0.1930026,0.3002155,0.7970964,0.8,0.3,0.8,0.2882192,0.6002154,0.745855
66.04675,Table,0.1930026,0.3002155,0.7970964,0.8,0.3,0.8,0.2919094,0.6002155,0.7490927
66.0581,Table,0.1930026,0.3002155,0.7970964,0.8,0.3,0.8,0.2624874,0.6002155,0.7559596
66.06903,Table,0.1930026,0.3002155,0.7970964,0.8,0.3,0.8,0.2614028,0.6002155,0.7547912
66.07999,Table,0.1930026,0.3002155,0.7970964,0.8,0.3,0.8,0.2645456,0.6002155,0.7536621
66.0912,Table,0.1930026,0.3002155,0.7970964,0.8,0.3,0.8,0.2890218,0.6002155,0.7456205
66.10246,Table,0.1930026,0.3002155,0.7970964,0.8,0.3,0.8,0.2872093,0.6002155,0.7449367
66.11359,Table,0.1930026,0.3002155,0.7970964,0.8,0.3,0.8,0.2876683,0.6002155,0.7448703
66.1245,Table,0.1930026,0.3002155,0.7970964,0.8,0.3,0.8,0.2871273,0.6002155,0.7441905
66.13597,Table,0.1930026,0.3002155,0.7970964,0.8,0.3,0.8,0.2872535,0.6002155,0.7421189
66.14668,Table,0.1930026,0.3002155,0.7970964,0.8,0.3,0.8,0.2874641,0.6002155,0.7423239
66.15779,Table,0.1930026,0.3002155,0.7970964,0.8,0.3,0.8,0.2877768,0.6002155,0.7429112
66.16926,Table,0.1930026,0.3002155,0.7970964,0.8,0.3,0.8,0.2878486,0.6002155,0.7416258
66.17992,Table,0.1930026,0.3002155,0.7970964,0.8,0.3,0.8,0.2889169,0.6002155,0.7429491
66.19131,Table,0.1930026,0.3002155,0.7970964,0.8,0.3,0.8,0.2881894,0.6002155,0.7416782
66.20267,Table,0.1930026,0.3002155,0.7970964,0.8,0.3,0.8,0.2867532,0.6002155,0.7392763
66.21368,Table,0.1930026,0.3002155,0.7970964,0.8,0.3,0.8,0.28896,0.6002155,0.7421733
66.22472,Table,0.1930026,0.3002155,0.7970964,0.8,0.3,0.8,0.2881273,0.6002155,0.7414993
66.23579,Table,0.1930026,0.3002155,0.7970964,0.8,0.3,0.8,0.2886135,0.6002155,0.7419629
66.24677,Table,0.1930026,0.3002155,0.7970964,0.8,0.3,0.8,0.2888667,0.6002155,0.7421677
66.25792,Table,0.1930026,0.3002155,0.7970964,0.8,0.3,0.8,0.2877427,0.6002155,0.7426569
66.26926,Table,0.1930026,0.3002155,0.7970964,0.8,0.3,0.8,0.2878633,0.6002155,0.7427549
66.28045,Table,0.1930026,0.3002155,0.7970964,0.8,0.3,0.8,0.2882063,0.6002155,0.7428164
66.29111,Table,0.1930026,0.3002155,0.7970964,0.8,0.3,0.8,0.2875827,0.6002155,0.7423795
66.30275,Table,0.1930026,0.3002155,0.7970964,0.8,0.3,0.8,0.2880012,0.6002155,0.7425255
66.31722,Table,0.1930026,0.3002155,0.7970964,0.8,0.3,0.8,0.2878304,0.6002155,0.7434503
66.32693,Table,0.1930026,0.3002155,0.7970964,0.8,0.3,0.8,0.2875211,0.6002155,0.7434963
66.34336,Table,0.1930026,0.3002155,0.7970964,0.8,0.3,0.8,0.2871394,0.6002155,0.7431614
66.3597,Table,0.1930026,0.3002155,0.7970964,0.8,0.3,0.8,0.2866565,0.6002155,0.7433086
66.37287,Table,0.1930026,0.3002155,0.7970964,0.8,0.3,0.8,0.2857941,0.6002155,0.7438602
66.38374,Table,0.1930026,0.3002155,0.7970964,0.8,0.3,0.8,0.2879979,0.6002155,0.743924
66.39961,Table,0.1930026,0.3002155,0.7970964,0.8,0.3,0.8,0.288834,0.6002155,0.7446922
66.41264,Table,0.1930026,0.3002155,0.7970964,0.8,0.3,0.8,0.2885355,0.6002155,0.7438251
66.42435,Table,0.1930026,0.3002155,0.7970964,0.8,0.3,0.8,0.2880673,0.6002155,0.743906
66.439,Table,0.1930026,0.3002155,0.7970964,0.8,0.3,0.8,0.2874781,0.6002155,0.7436681
66.45222,Table,0.1930026,0.3002155,0.7970964,0.8,0.3,0.8,0.2860812,0.6002155,0.728436
66.46641,Table,0.1930026,0.3002155,0.7970964,0.8,0.3,0.8,0.3799987,0.6002155,1.049937
66.48038,Table,0.1930026,0.3002155,0.7970964,0.8,0.3,0.8,0.3905705,0.6002155,1.063581
66.50317,Table,0.1930026,0.3002155,0.7970964,0.8,0.3,0.8,0.3888367,0.6002155,1.069972
66.51154,Table,0.1930026,0.3002155,0.7970964,0.8,0.3,0.8,0.3903942,0.6002155,1.076839
66.51962,Table,0.1930026,0.3002155,0.7970964,0.8,0.3,0.8,0.3942512,0.6002155,1.074256
66.53067,Table,0.1930026,0.3002155,0.7970964,0.8,0.3,0.8,0.3934788,0.6002155,1.069016
66.54171,Table,0.1930026,0.3002155,0.7970964,0.8,0.3,0.8,0.3923457,0.6002155,1.069998
66.55325,Table,0.1930026,0.3002155,0.7970964,0.8,0.3,0.8,0.3951252,0.6002155,1.074496
66.56367,Table,0.1930026,0.3002155,0.7970964,0.8,0.3,0.8,0.3989294,0.6002155,1.078633
66.57495,Table,0.1930026,0.3002155,0.7970964,0.8,0.3,0.8,0.4031909,0.6002155,1.084424
66.58607,Table,0.1930026,0.3002155,0.7970964,0.8,0.3,0.8,0.4097655,0.6002155,1.0924
66.59703,Table,0.1930026,0.3002155,0.7970964,0.8,0.3,0.8,0.4123571,0.6002155,1.097122
66.60821,Table,0.1930026,0.3002155,0.7970964,0.8,0.3,0.8,0.4164343,0.6002155,1.102531
66.61945,Table,0.1930026,0.3002155,0.7970964,0.8,0.3,0.8,0.4070042,0.6002155,1.095824
66.63046,Table,0.1930026,0.3002155,0.7970964,0.8,0.3,0.8,0.4134833,0.6002155,1.103058
66.64172,Table,0.1930026,0.3002155,0.7970964,0.8,0.3,0.8,0.4165227,0.6002155,1.111046
66.65288,Table,0.1930026,0.3002155,0.7970964,0.8,0.3,0.8,0.4211656,0.6002155,1.120171
66.71948,Table,0.1930026,0.3002155,0.7970964,0.8,0.3,0.8,0.3970097,0.6002155,1.130095
66.81924,Hamburger,0.09470463,0.6002154,0.9944357,0.5,1,0.5,0.1507154,0.6566869,0.943817
